Id,Comments
@namecastle6088,썸네일 표정이 학생들의 연주가 굉장히 만족스러운 음악 선생님 같아
@user-hv7qt8xf6o,ㅋㅋㅋㅋ 외국인중에 머리때문에 들어왔는데 목소리 때문에 머물고있다는 댓글 왤케 웃기냐
@jangjun8745,ㄹㅇ 잔나비는 한국에서 인정 받는 밴드지만 이제는 해외에 진출하는 한국의 유일한 해외 진출 최고의 한국이상의 밴드가 되어야함 ㄹㅇ 같이 불러줄 떄 ㄱㅡ 때 잔나비가 잔나비 했다
@user-lw2po1tg8e,아니 long live the king 딱 부르고 합창 이어질 때 드럼치는 사람 보여준거 신의 한 수다 진짜.. 뭔가 타이밍이랑 드럼 치는 자세가 너무 완벽함 되게 멋있어
@adrianamuller2949,"Came for the hair, stayed for the voice"
@user-wj7ov8ex6h,와 잔나비가 정말 밑바닥일때부터 버스킹하면서 불렀던 곡인데 드디어 빛을 보네
@hibye3258,이건 콜플의 비바라비다 커버가 아니고 잔나비만의 완전한 재해석과 재탄생 참 최정훈 대단한 가수네요
@Hihello0101,"주기적으로 봐줘야 하는 레전드 영상,, 보컬 기타 베이스 드럼 다 완벽하고 편곡도 완벽하고 객석 반응도 완벽... 배철수 선생님 먼가 감동에 찬 것 같은 눈빛까지... 결론: 앓다죽을 체저눈 사랑해,,"
@user-ri2jp6dc4b,양복입은 로커는 왜 이토록 섹시한가...
@rakio6248,잔잔하게 목소리로만 조지는 밴드인줄 알았는데 목소리 매력뿐만 아니라 편곡에 파워 보컬까지...  개쩌는 애들이잖어..??? 지렸다 진짜
@user-mn4nw3hb1i,잔나비가 훗날 전설이 될 수도 있을 것 같다
@user-se8zy5rv8k,"주기적으로 봐줘야 하는 영상  잔나비, 슈퍼밴드 viva la vida"
@user-te2iu6sy9w,나는 올해알았던 가수중에 잔나비가 제일 신선했다....
@hey_imissu,커버가 워낙 많았던 곡이라 잔나비 팬이면서도 기대 안하고 봤는데.....미쳤네.........사실 가사 뜻도 모르고 신나게 원곡 좋아라 듣기만 했는데 어떤 가사인지도 다시 보게되고 편곡 자체가 가사가 어떤 스토리를 말하는지 그대로 들려주는거같음.....대박..................앞으로 몇번을 봐야 여운이 가실려나
@user-fz3zq6zu6s,잔나비 버전은 숨어지내던 폐위당한 왕이 술이랑 분위기에 취해서  자신에 대해서 물어보는 사람들한테 자기 얘기해주는 것 같다 초반엔 다 부질 없다는 듯 부르지만 갈수록 젊은 시절의 야망이 아직 남아있음을 보여주는 느낌임
@cheryise8156,"해외에서 태어나 한국 가 본 거라곤  돌 때 딱 한번뿐이어서  한국말도 잘 못하는 대학생 딸내미 땜에  잔나비를 알게 되고  정신줄 놓음. 독특한 음색땜이라고만 하기엔  너무 끊기 어려운 중독성 있는 매력의 원인이 뭘까...하던 중 이 노래 듣고 깨달았음.   어떤 노래든 따뜻한 마음으로, 시선으로  부르는 거.. 감정으로가 아닌 영혼으로 노래를 하는 사람들이네요."
@hkj7960,3:42 여기는 진짜 카메라 앵글도 그렇고 노래 구성도 그렇고 진짜 언제봐도 개소름이네;; 잔나비 이 영상으로 처음봤는데 이 영상이 개레전드였다
@user-gi6sd8bv2q,크리스마스이브에 이걸 나혼자 보고있는 내가 레전드
@user-px2mf2iy6f,"진짜 곡 자체를 너무 연기 잘한다. 실각하고 남은 여생 찬란한 과거만 향수하며 초라하게 늙어버린 왕을 1인칭으로 표현하는데, 가사 하나하나 부를 때마다 옛날 이야기 듣는 것 같음. 특히 후렴부분에 예루살렘 종소리와 로마 성가대의 노래, 거울같은 방패와 칼은 진짜로 뭔가 아련한 회상씬같아. 화려한 옛날을 돌아보는 회상씬. 가사도 어떻게 저렇게 썼냐 진짜 콜드플레이 .."
@user-zq2jt9bh9q,잔나비가 진짜 음악에 있어선 천재인거 같음 진짜 신이 주신 재능.. 더 떠야됨
@a01063820284,"최정훈의 목소리 , 특히 가성은 진짜 악기다 악기. 어떻게 저렇게 맑고 청아한 목소리가 있을까"
@xlr8229,원곡이 웅장한 서사시를 그려냈다면 잔나비의 노래는 약간 취한 낯선이에게 듣는 옛날 이야기 같다...
@user-kx1oe6fg4d,몇번을 연속으로 봐도 벅찬 감정이 다물어지지 않음... 내가 군 입대 전 이놈들을 왜 좋아했는지 이제 다시 선명해짐
@miibokk,왜 잔나비 잔나비 하는지 알겠습니다.. 목소리만 좋은게 아니라 음악적 능력이 진짜… 너무 좋으시네요… ㅠ ㅠ ㅠ ㅠ ㅠ
@PomPom_Pudding,(+개인적으로) 원곡은 뭔가 영웅 소설 마지막 장 읽는 느낌이었다면 잔나비는 한 때 왕이었던 할아버지가 손자한테 나때는 말이야... 얘기해주는 느낌이다
@user-nc6cd6re9b,비긴어게인 새로운 시즌에 나와줬으면...
@trendiist,"3:50 외국인도 맘껏 즐기고, 배철수 ""제법인데?"" 하는 표정.. 클라이막스 . 영화적인 장면  .. 개감동이다 진짜"
@leemindochannel2405,사람들 박수 치는 사이에 배철수 선생님이 진지하게 듣고있는게 왜 이렇게 멋질까...유난히 음악가로써 음악적으로 깊게 공감하는 모습인것 같아 너무 멋지다 ㅠ
@user-ds3lh6xo9w,원곡도 좋지만 잔나비편곡은 가슴을 울리는 그들만의 분위기가 있어요
@user-uo3li4lu6d,미쳤다 진짜 이정도였나 싶은 더는 없을 잔나비 재평가다.. 이게 재해석이고 이게 가사전달이지ㅜ 다시 일어나자 잔나비
@user-ow6lj6zv1w,난!  잔나비그룹 정훈씨 영상 찾아보며 노래 듣는게 나의 삶 일부라 했더니 너!  정말 고급스런 취미 가졌구나^^  친구가 나에게 한 말입니다  이토록 절절하게 마음을 건드리는 가수는 없었습니다  이제라도 잔나비를 알게되어 매일 매일이 즐겁고 행복합니다잔나비가 우리곁에 있어줘서 감사합니다
@user-rt5fh2ld2s,이런 최고의 가수를 띄워주지 못하는 방송도 사회분위기도 안타깝다 내 일생 살면서 이런 재주꾼들은 많이 못봤다
@user-rk8fd7rs2h,불명은 커버곡 컨테스트가 아닌 편곡해서 부르는 프로그램으로 알고 있는데 진짜 곡 해석 잘함...완전히 가사를 이해한 편곡임ㅠㅠ분명히 우승 생각했으면 원곡 비슷하게 가는게 안전빵인걸 알았을텐데 그것보다 자기만의 해석과 편곡을 택한게 ㄹㅇ간지ㅠㅠ이 무대 끝나고 배철수님이 잔나비 보고 가장 사랑하는 후배라 하셨는데 역시 찐을 알아보심......
@user-pz8rr2fl1v,"아니 이친구 경연을 하랬더니 콘서트를 해버리네,,  내가형이지만 진심 형이라고 부르고싶네"
@user-nk1dj8gd6k,배철수님 편에서 잔나비가 나왔었네요 이런 인재를 왜 그 땐 못 알아봤을까요? 지금은 잔나비 모든 노래를 다 알지만~~^^ 미안했어요 영원한 사랑을 드릴께요
@ha2il,와... 잔나비는 진짜.... 5시까지 안 자고 듣는데 빈둥대도 내가 뭔가 개척한 느낌이네... 음악이 주는 힘이 참 신기하고 새롭고 웅장하네 멋지다
@Yellowheart973,비비안웨스트우드 귀걸이 저렇게 잘 어울리는 사람은 첨 봄
@user-pn9hw7cu5c,"백예린, 잔나비 같은 짙은 감성이 좋다. 때로는 단풍잎이 날리기도, 어쩔 땐 비가 내려 흙내가 나거나, 무더운 여름날 선선한 바람같이 곁에 머물다 가는 .. 기억에 가슴에 남아 한 번씩 더 들으러 오다가 어느새 매일 듣게 되는 그런 곡들이 좋다."
@bambambambambam6903,"when he sang, he was the old king. he captured the theatrical aspect of this song sooooo well"
@qkqhemf6513,배철수씨 표정이 모든걸 말해주네요
@user-yx8kp5rw3v,"잔나비가 비바라비다 원투데이 불렀을까..... 그동안 정말 수도 없이 부르고 불러서, 마침내 방송국 카메라 앞에서 불렀다. 앞으로도 락앤론!!"
@myano5546,잔나비 진짜 대박이다ㅋㅋㅋ 머리부터 발끝까지 소름돋음.. 왜 콘서트 맛집이라고 하는지 알겠네
@pickbettermedia1706,Never seen a more mesmerizing performance in my life.
@tom5426,김도형 기타 진짜 맛깔난다.... 드럼 잔잔하게 치고 올라오는 것도 최고임 ... 합이 너무 좋은 밴드 ..... 너무 좋음 .....
@jinnykoh1,"내 장담함. 잔나비는 더더더흥해서, 전설을 써내려 갈것임. 이 한곡의 커버만 봐도 너무 명확하다!!!!"
@user-kq1oz1xi1u,유튜브 알고리즘 오늘만큼은 ㅈㄴ 사랑한다
@user-sc6tr9bn4h,ㅜㅠ 아흑. 눈물나게 아름답다. 그의 목소리와 이 편곡에... 완벽한 연주와 보컬까지..... 이 모든 것 함께 나눌 수 있음이 벅차는 오늘 ㅜㅠ
@ansgust,이 곡 원곡자가 잔나비라고 해도 믿을만큼 이렇게 완벽한 편곡을 봐본 적이 없어.. 잔나비 진짜 대단하다
@Attractive-298,보컬의 독보적인 음색에 반하고  탁월한 곡해석력과 절제된 편곡에 감탄하고 간다.  얘네는 인정멋지다
@musicm7247,이 곡을 이렇게 연주하고 이렇게 부를 수도 있다는게 너무 신기하다. 게다가 보컬  외모랑 음색은 진짜 독보적이다.  자꾸만 보게되는 마약 영상 ..
@user-xz8dg6ft1i,현생 다 때려치우고 방청가서  내 두 눈으로 본거 진심 1도 후회 없어............
@user-wd6jz3yg6o,잔나비 이 무대는 진짜 레전드인거같다...
@ocean_wave,후배의 모습을 보며 감탄하는 이제는 나이가 많이 드신 배철수님의 모습과 찬란하게 빛나는 젊음을 내뿜으며 자신들의 음악을 노래하는 잔나비의 모습을 번갈아 보니까 왠지 기분이 묘하네요
@cloudchoi1417,방송못봤는데  와~~~ 잔잔한감동ㆍ 외국인들의 좋은댓글들도 인상적이네요 GOOD!!!
@user-ku3xc1il2b,콜드플레이의 둥둥둥 울리는 북소리가 좋아 틈날때마다 듣던곡을 정반대 느낌의 잔나비곡으로 듣는데 대만족! 마치 콜드플레이  Fix You 방탄소년단 커버를 들을때  느껴지던 만족감이!
@user-su3uy5xd2f,이건 진짜 천만조회수는 땡겨져야 정상인데  좀만 홍보되서 잔나비 세계적으로 잘됐으면 좋겠다 이런 공연 많아지면 더 좋겠어 ㅠㅠ
@mangkey9097,와 이거 진짜오지네
@adorable3920,이노래 진짜 좋아하는데 아이슬란드 가서 오로라 보면서 듣고싶음 잔나비가 불러도 좋네요
@rivsldo082,찬란한 젊음이 생각나게 하는 밴드 잔나비.
@user-jx5sb3ib4f,팝도 잘부르는 락커최정훈 너무 멋져
@user-hy3bu1jo7t,이무대볼때마다 기타에 감탄함 ㅋㅋ
@robin6641,드럼이 진짜 레전드다. 정박인듯 엇박인듯 절묘하게 치고 빠짐..
@user-gt9zr8fe7j,눈을 보고 그는 대한민국 음악사에 길이 남을  것이라는 생각이 들었다
@user-jo8vx9vg6l,주기적으로 봐줘야 하는 영상
@TV-gy6sj,진짜 이건 너무 잘했다
@song_hwan,놀라신듯한 배철수 형님 ㅋㅋㅋㅋ 편곡 매끄럽고 좋다 역시 잔나비
@jjh5306,노래하면서 행복하다는게 느껴지는 잔나비.. 진정한 아티스트다
@user-lovespace,늦게나마  이 노래를 알게되서 천만다행이야.. 요즘  이노래  커버곡을 찾아다니고 있눈데 단언컨대 손가락안에 든다!!
@user-or7ek1bw9t,3:20 최정훈 저 소리 지르는게 너무좋다
@user-ed6cz9yq9x,"'Now the old king is dead' 원곡이 왕국의 상실에 대한 왕의 분노와 한탄이 섞인 울부짖음이라면, 잔나비의 커버는 그 왕이 다 늙은 후에 허탈하고 공허한 감정으로 부르는듯한 느낌이네요"
@sashababy7712,Jannabi's cover is so much better than Coldplay's original
@user-oj7pn3mf6z,기타가 너무 매력적으로 들린다..........
@Nagato297,You rule Jannabi !!....and the way Jong Hoon express the music it's just amazing
@user-zs5wf4if4x,이게 아티스트지 진짜 전율 개지린다
@jinnykoh1,잔나비가 최고야!!!!!!!!!!!!
@user-ej2nr6si5m,"2020년도 3월이 될 무렵, 코로나로 연기된 개학으로 인해 집에서 빈둥거리던 시절, 컴퓨터앞에 앉아 유튜브가 인도하는 영상을 따라 멍하니 끄적일 때 우연히 이 영상을 보게 되었고 밴드의 훌륭한 편곡 능력과 보컬의 신내림 받은 듯한 무대 장악력을 보고 잔나비에 입덕하게 되었습니다. 잔나비라는 훌륭한 밴드의 진가를 알게 해준 이 고마운 영상이 어느새 조회수 200만을 넘기는 인기 영상이 되었네요. 잔나비 흥하자!!"
@sweetsong1515,목소리 노래랑 찰떡 멋있다 멋있어 진정성느껴지고 정말 또한번 반하네
@jiminssi__,아진짜좋다
@watermelonsugarhiii9497,"his hair, his voice awww he's perfect"
@Jun-uq1dl,와 잔나비 음색은 진짜 독보적이다... 알게된지 얼마 안됬지만 계속 찾아듣게되네
@user-sq8pb7iy2c,원곡 느낌 그대로 불렀다면 재미없었을텐데 역시 공연강자 잔나비는 뻔하지 않아서 좋다 스토리텔러로서 사람의 마음을 움직인다
@weirdcrafter9649,약간 혁명 후에 가까스로 도주해서 살아남은 왕이 숨어살다가 늙고 추레해져서 변두리 술집에서 술마시면서 앞에 있는 바텐더한테 주정부리듯이 옛날얘기하는 것 같다
@user-xg8yg7es9g,저날 현장에 있었는데 그 감동... 온몸에 전율이 느껴지던 그 순간을 잊지 못하겠네요 ㅠㅠ 새롭게 쓰는 viva la vida   cold play 가 만든 역작에 날개를 단 느낌 !
@spellzero,미치광이같다...................노래도미쳤고 목소리도 미쳤다.
@abc123eng,잔나비는 굳이 발음가지고 지적할게 아닌듯 사람마다 특색이 있는거지 내가 듣기엔 충분히 특색있고 좋은 발음인데 목소리도 특이한데 좋아서 노래 들을때 굳이 걸리진 않는듯;
@user-en1jm3og1o,몇번봐도 진짜 잘함. 내가 가수를 좋아하게되다니 내가슴과정서를 완전 바뀌게 만든 잔나비 . 알게되다니 정말 행복한 한해다  어쩜 팝을 이래 멋지게 부를수있지. 또 다른 방송에 나오기를 ~
@uri5843,"잔나비는  모든 노래를 잔나비화시키죠.선곡도 연주도 최고지만,무엇보다 정훈씨 음색과 곡에대한해석은 최곱니다"
@teoljimseung,아니.. 어떻게 이 영상 하나로 영화 한 편이 그려지지.. 어떤 왕의 연대기를 이미 본 것 같은 기분
@roxanity101,I'm a fan of Hweseung and NFLYING but I really love Jannabi's performance as well. They did so well. My heart is warm.
@user-ii3ff5dp4q,와............진짜 그저 감탄만 나온다.....이 노래를 이렇게나 설득력있게 부르다니
@user-zc5mn2bl9j,그냥 .. 뭐랄가.. 완벽하다 잔나비  이노래 들으면 막 가만히 있지를 못하겟어 뭔가 나도 힘차지는 느낌이야
@MIN-kt2hy,왜이리 멋있는거야ㅠㅠㅠㅠㅠㅠㅠ베이스 기타 목소리 드럼 다들 왜 이렇게 잘하고 멋진거야ㅠㅠㅠㅠㅠㅠㅠㅠ잔나비 사랑해ㅠㅠㅠㅠㅠㅠㅠㅠ...
@jollyday8189,잔나비 월드스타 됐으면 좋겠다ㅠ 한국에만 있기엔 재능이 너무 커
@user-rf2ke9tf6i,진짜 이 무대 너무 레전드..
@munira2923,"As the biggest Coldplay fan, this is by far one of the best covers I have ever heard. Jannabi are truly talented."
@movemove7565,나 이거 이제서야 봤어.. 노래표현 너무좋네요.. 내가 아직 보지못한 감동적인 영상들이 얼마나 많을까..
@eh2468,"힘든 시간을 겪으신 만큼 , 모든 면에서 전보다 성숙한 모습으로 더욱 멋진 삶을 만들어가시는 잔나비 되길 바래요!  잔나비 음악 정말 정말 좋습니다!!"
@doodoo7922,단순한 모창이 아니라 자기만의 색깔이 드러나는게 너무 좋다
@kaiman2388,배철수 표정보니 감명받은게 명확하다...
@imonanisa,O kadar güzel bir versiyon ki bu asla dinlemelere doyamıyorum
@user-ee4uz3ub6f,그냥 눈물난다 잔나비 곡해석 존나 잘해
@jinnykoh1,잔나비....진짜 사랑하지 않을수 없네 매무대가 레전드네....
@saloni_chaudhary1420,The Jannabi Vibes in this version of Viva la vida is impressive
@user-ug6me4sq2z,원곡은 막 밝아오는 서늘한 새벽에 하는 혼잣말 같았다면 잔나비 버전은 그 해가 저물고 까만 밤에 축배를 드는 느낌이다
@user-yb1oz2eq9r,불후의 명곡 Viva La Vida 무대보고 잔나비에 입덕했어요 매력덩어리 잔나비 최고!!!
@magicstar126,편곡 개미쳤음ㅠ또들어도 소름끼쳐ㅠㅠ
@user-eo6et3ri4u,또 들으러 들어옴 역쉬 쵝오!!!
@jigujelly77,저 함성들이 그리워요 잔멘..
@WhistlingBird,잔나비... 뭔가 목소리가 긁는 것 같은데도 참 부드러워... 부들부들해...
@user-fy6zt8cs8g,시험 당일 새벽 2시에 들으면 근자감 개뿜뿜해지는 노래임
@user-oo2tu9xd3x,이 노래에 잔나비라... 쉽지 않은 조합이군요 ㅋㅋㅋㅋ 이렇게 들으니깐 노래의 또 다른 매력을 느낄 수 있어서 좋네요 이 조합 찬성입니다 !! 좋은 영상 올려주셔서 감사합니다 즐감하고 갑니다이~
@haeun_-,와....직접 듣는것도 아니고 휴대폰 통해서 듣는데 몸에 힘이 들어가게하네.... 이게 진짜 가수다....
@user-zy4tw3bp1q,팝도 이렇게 잘 소화해내는 멋진 잔나비.. 진짜 대단하고 잔나비를 알게된게 아주 자랑스럽고 가장 잘한일인것 같다. 롹앤롤!!
@user-mb7gf1nk8x,마음을 울리는.. 영혼을 울리는 목소리..
@user-io2np6ki7d,가끔 들으러 오는데 들을때마다 소름이 돋네
@user-gp6hp6go5v,왜 그렇게 멋짐
@user-hg9no9cg5h,개인적으로 커버중에 탑인듯 마지막 배철수 형님 얼굴이 모든걸 말해주는듯
@cyka6767,"Never heard a much better cover than this, no lie ive replayed this about 10x times now and im not bored at all, love you jannabi, the vocal top notch"
@boncarrillo,been a coldplay fan but i never appreciated the song only just now and it amazes me how they simplified d arrangement well i hope i can someday watch this band play
@user-rc7mi6uw2f,어떻게 노래로 감동을 줄수있는지 이게 바로 잔나비만이 가지고 있는 힘인것같네   항상 응원할께요 꽃길만 걸어요
@jannabilover0,노래가 끝난후 배철수님의 표정이 너무 와닿는다..ㅠㅠ
@user-sn7yq3eg4y,그냥 이 영상이 영화의 한 명장면 같음
@user-lg5jg5tr1j,와..진짜진짜...진짜눈물날정도로 좋다.. 잔나비다시봤어요 최고다진짜
@bbypinkcherry,dude this is so good. i freaking love coldplay so much since i was 11 and i can say this is an amazing cover. it’s hard to cover their songs and do it well and this was perfect
@awayup7814,잔나비 신물을 바야됨ㅠㅠㅠㅠㅠㅠㅠ잔나비 공연직접보면 얼마나 재밌는디ㅠㅠㅠㅠㅠㅠ보고싶다 잔나비 최고
@93kg,They made the song theirs while keeping coldplay's essence!
@user-zz8zh7ve3b,"이게 왜 조회수가 215만 밖에 안되지ㅜ 훨 더 높을 줄 알았는데ㅜ 더 유명해져서 해외에도 소문났음 좋겠다 ㄹㅇ한국에서 첨 듣는 음색.,.소둥해,"
@user-ne8py5eg4u,목소리가 정말 그냥 말로 이룰 수 없을정도로 빛난다...? 멋지다...? 뭐라고 해야할지는 모르겠는데 목소리에 사람들의 마음을 울리는 힘이 있는거 같네요
@user-tx3qr2li7h,잔나비만의 특별한 감성이 잘산것같아요ㅠㅠ 대박
@user-ty1de5te1j,진짜 노래로는 깔 게 없는 가수다...무대매너가 진짜 좋다 잔나비는
@user-no1ff5iw7x,아니 와 이거는 진짜 볼때마다 소름돋네........ 연출력 해석력? 엄청나다 완전 그냥 찰떡이다찰떡 와...... 아니 와.....와진짴ㅋㅋㅋㅋㅋㅋ 와 ㄷㄷ
@user-jx4cw3jg8g,진짜 이건 맨날 들어도 안질린다
@user-uq9fm5qf6r,첫소절부터 소름이... 원곡과 다른 이 느낌 너무 좋다.
@user-ke6dx7dj3o,여러분 이 댓글이 묻히겠지만 조금이라도 희망을 가지고 말해보자면 혹시 이 영상으로 잔나비의 숨겨진 띵곡이 궁금하시다면 꼭 '전설'을 들어주세요 정말 몽환적이고 아름다운 노래에요ㅠㅜㅜ
@user-ko2on7nm7l,오ㅐ 아직도 발음 얘기를 .. 나는 노래 부를 때 잔나비 보컬 특유의 발음 좋던데 본인도 옛 한국스러운 콩글리쉬 처럼 들리는 영어 발음이 재밌어서 그렇게 부른다고 했는데 게다가 보컬 영어 잘하잖아.. 경희대고 몇 영상들 보면 말 할 때 영어 발음 좋은데 노래 부를 때만 저렇게 발음 하던데 본인 색깔 있어서 좋은데 난
@user-lg4eu9nk8j,TV로 이 무대 처음 봤을때 저도 모르게 눈물이 났어요. 과거의 영광을 회상하는 쓸쓸함.. 그런게 넘 느껴지더라구요. 저한텐 원곡보다 더 좋네요! 얼른 코로나가 잠잠해져서 잔나비 실제공연 보고싶어요ㅜㅜ
@user-yk5ks4sb2j,"아침에 눈 뜨자마자 듣고ㅠ 시도때도 없이 듣는다,, 미쳤어 진짜 잔나비는 한번 빠지면 나오는 출구가 없음,, 다들 각오하고 들으세요..ㅎㅎ"
@user-jx2mj4hg3w,진정으로 음악에 취한 가수다...
@user-vh6zk9ow4i,오늘도 출석도장 찍으러 온다.. 진짜 너무 좋음
@user-hh3my1xk6y,진정한 아티스트같다~ 감성과 깊이감 진정성 너무 좋아요
@lottiacue2896,I'm so happy that so many people start interesting on Jannabi. They're deserved that
@Eunbitti,2:25 드럼 가리키는 거 개귀엽네ㅋㅋㅋㅋㅋㅋㅋㅜㅠㅋㅋ
@YothosBlake,Jannabi best group for me ️‍
@user-ox4ft1dq6j,나만 편곡이고 뭐고 ㈐ 좋은거냐? 개좋은대; 처음 볼때ㄹㅇ개소름돋음
@Karats-cx6ys,"원곡은 원곡대로의 웅장함이 있다면, 잔나비의 편곡과 목소리엔 잔나비만의 감동이 있네요."
@hanhan9589,I have waited for Jannabi on TV for a long time. It is surprising that you sing viva la vida again since 2016.
@js-id2pt,입대하기 2일전에 나온노래인데 군대에서 20번도 넘게들은것 같아요 입대전 생각날때면 이영상을 보는것 같아요 노래를 너무잘 표현한 것같아요!!!!
@user-jx5sb3ib4f,잔나비의 강점은 같은노래라도 부를때마다  새롭고 다른맛이 난다는것. 이노래로 버스킹하는 유튭봤는데 그때랑은 확실시 또다르다.  참 매력있는 밴드다 .  최고
@vivalavida497,요즘 가수중에 이런가수가 있었구나  지금껏 몰라봐 미안하다 이제부터라도 팬할께
@user-hs4zj5fu9j,진짜 독보적인 색깔이다 잔나비
@JeJeeun,틈틈이 찾아오는 영상… 몇 번을 넘게 돌려봐도 지겹지가 않네요 잔잔하게 시작해서 사운드를 쌓아올리면서 후반부에 폭발하는 하이라이트까지 전율이 오르네요 진지하게 읊조리다가 웃었다가  관중을 지휘하다가 순간순간 보이는 카리스마 있는 눈빛까지 무대에 흠뻑 빠져있는 모습에 눈을 뗄 수 없게 만드네요 드럼 베이스 기타 소리까지 하 할 말을 잃고 갑니다 오늘은 10번만 더 돌려봐야겠어요
@sunshine_jw4390,와 진짜 듣는내내 소름
@user-jc3gy8mq3c,잔나비목소리랑 그필이 너무좋다  잔나비덕분에 올해 너무좋은노래들음
@bnmy6581i,나라 망한 왕의 해탈한 심정 노래인데 각색으로 이렇게 달라 질수 있네요
@dm562378,역시 음악이라는 예술은 정답이 없다 각자 보고 듣는 사람마다 받는 느낌이 다르기 때문.
@ringjoy609,편곡 대박이다 코로나꺼지면 잔나비 콘서트 각입니다.
@user-yk5ks4sb2j,제발 음원 내주세요. 몇백번이고 듣겠습니다. 음원으로ㅠㅠ 부탁드립니다..
@user-ec5in9vy7l,와 이거 오진다
@user-zo6hx3tl5h,최정훈음색 진짜 고급지고  세련됨  좋아. .
@user-zw5gs9tz8s,이 노래 국내 커버중 원탑
@user-rz3im2vz2l,음원이 간절히 필요함  그리고 잔나비 보컬 최정훈은 목소리 보험 빨리 들어주세요 ㅜㅜ  독보적인 음색 ....쩐다..
@user-in4fb1pc9k,흰수트에 장발에 저 음색에 왜 남잔데 설레지
@emycakes8663,I love how he conducts his hands as if he is doing a really passionate speech
@nurhazirahmazlan1022,Viva la vida original version is already amazing but you brought it to the next level. Great music arrangement!! Kudos Jannabi!
@afrafairuz6074,"watched this performance over a hundred times, never failed to send chills down my spine. This is so powerful man."
@user-ih6du2le5c,미워하는 마음은 가릴 수 없는 게 있지  내 빛나는 음악과 잠 못 들던 밤들
@yatttaaaaa,진짜 이건 주기적으로 들어줘야뎀..
@user-bm2oc6fk1f,오랜만에 생각나서 보러 왔는데 처음 봤을 때 그 소름 그대로다..ㅠ 진짜 잔나비는 영원했으면 좋겠어...ㅠㅠ 이거 보면서 3집 잘 기다리고 있을게요..! 잔나비 언제나 파이팅!!
@user-icedbox,이런게 노래를 잘 한다는 것 같다. 감정 팍팍 들어오네
@user-nu7hm6ht1q,2:00 이부분 미친다 괜히 먹먹해지고 울컥함
@jinnykoh1,진짜 독.보.적 인 잔나비시다ㅠㅠ
@user-vk3ls3kk8w,아 너무 좋다규 ......진짜 보일때마다 들어온다 ..   ..
@user-pc3oy9qt4o,고시원에 살때 잔나비 주저하는연인들을위해 이 노래가 들려오던 기억이 추억처럼 남았는데 지금 다른 노래의 목소리만 들어도 떠오르네...
@soohyunkim3757,발음하나 하나에 영혼이 숨쉰다
@elisabet6233,배철수님의 울컥하는 모습을보니 더 울컥하게 되네요
@musannotre6217,아무리봐도 콜드플레인 남 눈치안보는 부잣집 장남 울아빠같고.. 잔나비는 뭔노래를 불러도 막내 삼촌같음.. 어릴때부터 잘생겨서 속으로 좋아함
@GREKphonics,"I like Coldplay so much and I know there's so many covers for this world famous song. But let me apologize I've never heard so wonderful version like this. Who can imagine the original fast tempo led by powerful drum encounter this dramatic change? So beautifully and lyrically they arranged this song.   What about Choi Jung-hoon's voice and performing manners shown on this stage? I think they’re paralleling with the world top class. Jannabi, they are irresistibly attractive and artistically perfect. Of course I think the time has near to come for the world citizens to pay attention to this great Korean band Jannabi."
@user-br2sp9jf2c,최애곡을 부르는 최애밴드
@user-gs8rf3xc6d,무도가 아직 살아있었다면 가요제 섭외 0순위
@user-lc5wf5rp7d,와 울었어 감동이다
@infromage,"Woah, so much emotion in this song. I've got some goosebumps. They're Jannabi, right? I'm glad that youtube show me them. Such a talented vocalist."
@kyungsuk8641,같은 노래를 전혀 다른 각도에서 해석하고 편곡해서 한 시대를 풍미하고 내려가는 선배에게 바치는 최고의 헌사. . . 배철수님의 먹먹한 표정이 모든걸 말해 주네요
@user-xw1bx1zy2j,이 곡 커버 중 최고다
@user-yg1oe4vz5n,잔나비를 처음 알게된곡인데 이후로 팬이되었네요.
@rinchi3,I seriously love the band Jannabi (he is the singer of the band) his voice it’s just amazing
@user-dj1lg3xb8s,내 가슴 속 안에 자유를 얻은 고래 한마리가 헤엄치는 이 웅장한 기분...잔나비 최고다 진심
@rowenaemia8941,Best cover I ve heard..truly talented artist Jannabi...I am your biggest fan now
@user-kx2co2ng7h,진심 대단하네  한국 밴드의 수준이 후덜덜 잔나비보다 이 곡 멋있게 할수 있는 밴드 나오라그래
@EastSeaPajeon,머리스타일 때문에 노쇠한 사자왕이 젊은 사자한테 왕자리 뺏기는 느낌임ㅋㅋㅋㅋㅋㅋㅋㅠㅠㅠㅠ
@user-nc7ti3ef4g,"뭐지 이 느낌은, 원곡에 없는 오묘한 느낌을 만들어내네"
@Kim-de8rj,그 어떤 커버를 들어도 결국 다시 여기로 오게되네여 잔나비최고️
@user-gx3pf2qp7g,최정훈 노래는 듣고 있으면서도 계속 듣고 싶은 매력이 있어요 ㅠㅠ 너무 좋으네요
@user-rn5jy9iv3r,원곡이 되게 웅장하고 신난다면 잔나비는 약간 진실감과 심취되네 보통 편곡은 원곡 잘못이기는데 이곡은 되게좋네 자신만의곡으로 바꾼듯
@dbxbqmdoalenlwla,4개월전 스스로 목숨끊은 친구랑 너무 닮아서 자주 오게되네요 살아있을 때 최정훈님 얘기 많이했었는데 잘 듣고갑니다
@user-pq9zn1ng3q,다시봐도  멋진 청년일세 훈훈한 외모에
@soonranmoon4000,몇번째 듣는건지 귀호강 눈호강
@user-wj3lf5fd9z,내취향이 잔나비라서 그런지 아님 잔나비가 잘해서 내취향인지는 모르겠지만 방금도 쭉 커버 듣고 왔는데 내가들은 비바라비다 커버중에 원곡과 다른느낌으로서 어깨를 나란히 할 수 있는건 잔나비 커버가 유일한거같음
@a01063820284,이거 안 본 사람은 있어도 한 번만 본 사람은 없을 듯. 무대 장악력이 미쳤다. 잔나비 진짜 최고
@user-dl7cq1dl7k,이게 예술이지
@syarina,this is the best rendition i ever heard
@isaac1699,개인적으로는 잔잔한게 취향이라 원곡에 비해서 더 많이 찾아듣게되는 듯  원곡은 진짜 가끔한번씩 힘을내러 들으러온다면 여기는 그냥 꾸준히 들으러오는
@proproyang713,잔나비 음악은 정말 사람 미치게 하는 힘이 있음
@jinnykoh1,진짜 한국에만 있기에 너무 아까운 밴드자나ㅠㅠㅠㅠㅠㅠ 빨리 세계로 나가서  K-BAND 전성시대 빨리 이끌자ㅠㅠㅠㅠ  진심 너무너무 멋진 잔나비!!!!!
@ryim73,무대장악력이 너무 좋다.. 에너지 넘쳐
@gumshoe1638,콜드플레이 진짜 좋아하고 Viva La Vida 개 좋아해서 커버곡이나 원본 같은거 많이 듣고 드럼좌님한테 계속 신청해보고 있는데 잔나비 커버가 있을 줄은 몰랐네요. 또 다른 느낌이라 새로워요.. 요즘 추천동영상에 Viva La Vida 커버나 방송 같은게 많이 보여서 더 자주 보는 것 같은데 부른 분들마다 다 다른 느낌이 들고 각각 특징이 보여서 좋은 것 같아요.. 콜드플레이 오랜 팬으로써 넋 놓고 봤네요.
@user-xk7rd7iz9z,진짜 음색 적당히 독특해야지 진짜 잔나비 그자체의 장르
@user-mu9wh5vf1l,마범같이 끌려드러가는 정훈씨에 노래는내맘을~~ 녹이내요
@Light-hx9iz,"원곡이 자신의 과거를 참회하며, 눈물젖은 웃음을 보이는 곡이라면 잔나비의 회상은 기억 속 앨범을 슬며시 들여다 본 뒤 새로운 왕에게 축하한다고 속삭인 뒤 떠나는 모습이 그려짐"
@laulaikasetyarahma5561,His voice really suit this song
@agnigiani4025,i'm glad you're back on tv....
@small_hat,와씨.... 쩐다..... 진짜 베스트 커버다...
@mleesuw5695,디진다... 최고
@Itiskangseok,노래듣고 황홀한 기분은 너무 오랜만이네요
@user-dv8lk3eq4b,함성과 함께하니 감동의 물결이 흐릅니다~~^^잔나비는 모든곡을 잔나비화 해서 너무 좋아요♡
@silv4324,진짜 음색이 개미쳤네..
@minhyunhwang5789,His voice make me goosebumps .. Beautifull
@andkity02,it’s like he’s telling a story... wow
@mujidang3479,노래도 잘하지만 진짜 매력적으로 생겼다 후덜덜... 볼때마다 심장이 멈출거같아..진정 그대는 인간인가? 저런 인간은 어떤 여자를 만날까..그 여자가 부럽다......ㅠㅠ
@user-kd9rt9wd1n,노래는 느낌으로~~^^ 멋지다~~♡♡♡ 잔나비~짱~~^^
@Daniel3uckley,Honestly my favourite cover of Viva La Vida
@onlysunny,"this is what you call a performance, outstanding."
@user-md2lx7ew5p,멋지다 진심...
@raulblanco7068,정말 혼신을다해 부르네요~~ ^^ ️ 대단한 열정이였써요!  ️
@yoflulife3451,독특한보이스 매력덩이  잔나비 너무좋다
@user-do4ur3gf7j,보통 한국 가수들이 팝송 발음 안좋으면 거슬리던데...  잔나비는 뭔가... 초월했다 걍 발음까지 어울린다 하.. 진짜 미텼다
@user-ej5xt5ke6v,와...절로 박수가 나오는 무대
@yonsei4031,자랑스러운 내 가수 잔나비 사랑해....ㅜㅠㅠㅠㅠ
@Mabbin_.0._,관객들 다 행복해보여서 좋다
@user-pz3lm6em7p,제일 좋아하는 팝송입니다.  커버도 진짜 많이 들어봤는데 원곡 처음 들었을 때 소름을 재연시켜주시네요. 멋집니다.
@Frism_Studio,레전드가 레전드를 노래하네... ㄷㄷ
@swanwhite603,멋진 그룹사운드 잔나비 그들은 전설이 된다.
@user-ilusian,멜로디만 알고있어서 되게 신나는 노래로 알고 있었는데 가사를 보니 왜 명곡이라 불리는지 알 것 같네요. 과거의 영광을 떠올리며 자신에겐 아무것도 남아있지 않다는 가사의 상황을 잘 표현하신 것 같네요
@user-mz1fc4kk4e,가사 표현력이 너무 훌륭하다
@Deargggggg,나머지 멤버와 아무런 상관도 없다는 건 알지만 그래도 학폭 사건 때문에 노래 듣기를 좀 피했었는데… 이 영상 하나로 그냥 끝나버리네. 끝내주는 노래 잘 들었습니다. 리스펙트 잔나비!
@user-yu1fg6jy3l,나는 큰일났어... 영상 틀자마자 떨리고 설레고 심쿵..... 왜 ..멋있어ㅜㅠㅠㅠㅠ 진짜ㅠㅠㅠ 아니이ㅠㅠㅠㅠ
@jooheontrash213,His voice sounds so good.
@user-dn6tf6ul9c,"평소 가수에 관심이 없어서 오늘 이 분을 처음 접했습니다. 원곡은 기운을 돋는 그런 어쩌면 경쾌한 느낌이 다수 드는데 이 곡은 편안한 느낌이 들어요. 가사는 비록 한 왕의 일이며 그가 떨어지는 과정을 두었지만, 충분히 두 곡 다 명곡이라 칭할수 있으리라 저는 생각합니다."
@user-dk5dl3yx7d,노래듣고 감탄하긴 또 오랜만이네
@user-cb5nx1xo8c,잔나비 최고!
@user-sh8fn6jb4p,뭔가 뭉클해지는 느낌이드네요   억시 잔나비!!
@isratjahan-hk5ud,"His style of singing, stage performance its better than most of famous singers in skorea... Sometimes i wonder how those kpop idol perform live stage both singing and dancing!!!where performing song in live need most of the energy... Thn i understand almost every idol group lip singing in live performance"
@leimoncha,His voice would suit the moment you are at your wedding and listen to him singing
@juju._.0,와 진짜 이걸 왜 지금 봤지 ㅠㅠㅠ 와
@user-nk1dj8gd6k,이런 동영상은 두고두고 계속 조회되어 억만뷰 이상 꾸준히 쌓일거라 의심하지 않는다
@anyeone4872,진짜 레전드… 정말 몰락한 나라의 왕 같음 그리고 음악에 얼마나 진정성을 가진 사람인지 보이는 무대라서 감동이 두 배 ️ 잔나비 사랑해요!!
@CraigWinstanley1,"Jannabi, 잔나비, are a truly superb indie-rock group. Choi Junghoon’s 최정훈 vocals are fabulous."
@user-no1ff5iw7x,와....가사를 알고보니까 진짜 처음부터 끝까지 표현이 엄청나네... 디테일보소... 와 진짜 그렇게보이네...
@victorgabrielbuena,Oh my god! such glorious hair! His voice fits the song so well!
@ssingsing0310,호소력 있고 따뜻한 목소리로 불러주는  비바라비다!!!  힘이 되는 노래입니다. 잔나비 오래오래 음악해주세요~
@bobdyllan5206,Why doesn't this band blow up????? Jung hoon is one of the best indie artists I've heard
@user-qq4eu6gv5i,오늘도 들으러 왔습니다  최고네요
@Imajin,"I love his voice and this band! Korea, give them an album, let them make history and become legends."
@dindasanisihombing3988,I felt that he is singing this song with lonely soul
@user-ic7vl8nl5y,여기 댓글 적을 때 이것을 음악수행평가에서 이렇게 적었으면 100점 맞을텐데..
@Merrylyny,미쳐따..
@user-gi2hn6mw4g,영상 볼때마다 뭔가 벅차오르는 감동입니다♡♡잔나비 최고!!! 3월8일 설레이며 기다리고있습니다^
@dianavallejobueno242,"He has a beautiful vibe and I love his stage presence, I want to see more of this band because they all honestly made this whole performance beautiful"
@jamesh3355,Proud of this band  Congrats on winning 2021 Best Band Performance Award again
@faizahnc1565,나 이거 왜 이제야 보는거야...
@bora2123,"가사의 내용을 모르고 들었을 때도 눈물이 나더군요. 음악에서 주는 위로였나 봅니다.  요즘 힘든 삶이지만, 노래 들으면서 힘내봅니다. ㅠㅠㅠㅠ"
@user-bx9fl4mh3c,레전드 진짜 레전드 걍 모든순간이 다 레전드 사랑해 잔나비
@jiyejiae,"I'm sorry, but whenever Jannabi covers a song it always sounds like it's their own song. Some song they cover sound more beautiful than the original"
@user-dt7oy5qv3x,ㅁㅊㄷㅇㅊㅇ 편곡 진짜 넘 좋다..완전체 언제보누
@yapp__yapp,진짜 너무 좋아.....미친거같어......편곡 너무 잘해놨어......소름끼쳐잉.....들을 때마다 소름이...
@zleo1860,I already heard this cover for many times but never got bored of it
@user-vs7qd4ii2m,볼때마다 반하고 또 반하고.. 널리 나라 경계선없이 뻗어나갔으면
@user-gx4dl1ee8d,내 최고의 인생 노래가 됬네요 하루에  한번씩은 듣는것 같아요 들을때마다 몸에서 전율이 6번정도씩 느끼는것 같아요
@maemaeteregeyo7746,"Love him, his song make me cry and happy at the same time JANNABI FOREVER"
@hyun2043,감탄스러운 곡해석에 놀라고 갑니다
@arnarn5383,Viva la Vida is my all time fave song ever and when they cover this song its my first time I'm being curious to Jannabi and starting to becone a fan because of the captivating voice and positive aura of the band.
@user-ep2yj5bb5c,"와 진짜 잔나비 노래들,커버한것들 한곡한곡 들을때마다 콘서트가고싶다....."
@user-hq3lv1yg2b,듣고또들어도자꾸듣고싶어요~
@usernonameee,와 개잘한다...
@user-dp9qr7td1u,노래 겁내 잘한다...
@junemiller2936,Best cover of Viva La Vida other than Cold Play.
@user-fd7gb7di6x,너무 잘한다  많은 무대 보고싶네요
@ji-hyunkang5293,지금 몇번을 반복해서 듣는지 모르겠다. 가사의 감정을 정말 잘 녹여낸 커버곡
@soccerlab5938,음악 즐기는 모습이 조커 같다... 멋있다......
@user-pf4vv7nz8r,불후의 명곡 또 나와줬으면 좋겠다
@fofnems,이영상은 한번씩 보러와줘야됨 ㅜㅜ짱이당
@momo_samsoon,와.. 이 이상으로 커버가 나올수 있을까 싶기도
@user-et1cq9zg7l,노래와 연주도 비쥬얼도 완벽한 무대~!!!
@kimnbob,코러스 나오기 전에  Now the old king is dead 부분이 가사에 나오는 Revolutionary가 외치는 부분 같아서 오히려 원곡보다 훨씬 좋은 편곡이었다고 생각되네요ㅋㅋ
@1Dforeverandalwayss,I really hope Coldplay sees this
@user-munjituligae,3:45 언제봐도 소름돋는다 너무 잘 커버함
@yunizryu9234,OMG i fall in love with his voice.
@Qwertyuiop15337,콜드플레이가 부를 땐 잘 몰랐는데 라떼감성 느끼면서 들으니까 되게 씁쓸하고 애잔하고 그러네..
@user-xh2mn4zr7r,진짜 우리 부장님 노래천재이십니다~♡
@user-qp9yv1iu5q,배철수 표정이 찐이야
@user-vp3bd7jq4b,이거 멜론에 빨리 나오게좀 해줘ㅜㅜ
@saloni_chaudhary1420,istg not only their own songs but their cover songs are the best too...its ART
@user-yt1qd5tj2l,천재다 진짜
@7Willows,New fan  After melon music award I fall in love
@user-fb9wu7qk4t,진짜 지린다....
@Khufra,Liat berapa kali pun ga bakal bosan
@jy1499,진짜 기타가 듣기 넘~~좋네요^^ 정훈님은 곡 해석이 너무 좋구~ 감정이입은 더 좋구~~ 간만에 들으니 너~무 좋네요!! 이 버젼 언제 진짜 들어볼까요?!  웅장함!! 완전체 4인 잔나비 보고 싶네요~~^^
@jamie-si1mt,이 커버가 너무너무 좋아요 . 이 목소리가...와 대박.... (저는 한국 사람이 아니라서 아직도 한국어를 배우고 있어요)
@user-v-zero,그룹사운드의 연주와 보컬이 빛나는 무대!!!
@user-hh3my1xk6y,다시 들어도 감동이네요 ㅠㅠ 눈물 납니다..
@user-zr8wl9ez4t,와!!!  기가막힘!!  세상에 넋을잃고 몃번을봣내~~음악을 가지고노네 와!!  멋지다  짝짝짝!!
@jyjoung4833,배철수선생님이 가장 사랑하는 후배 잔나비 사랑해
@saloni_chaudhary1420,Man Jannabi really deserves a lot more international fame and attention their literally on ANOTHER LEVEL
@catnis0707,잔나비 진짜 아무도 몰라줄때... 애들이 넌 왜 맨날 이딴 노래만 듣냐고 그랬었는데... 이렇게 뜨니까 울컥... 그리고 나만 알고싶었는데 아쉽기도하고 뿌듯하기도 하고...
@jinnykoh1,나 이거 현장에서 봤다...여한이 없다
@skadl1212,편곡 미쳤다 ㅋㅋㅋㅋㅋㅋㅋㅋㅋㅋㅋ존멋
@H0o0o0,깡 듣고 비 노래 모음에 갇혀있다가 너네덕에 빠져 나왔다 고맙다..
@user-ks2iu1yq9w,또보고 또봐도 멋지다! 어찌 저리 섹시하고 멋지지 . 눈물나게 자랑스럽구나 잔나비! 목소리는 또 왜저리 허스키하면서 멋진거야~~ 쵝오쵝오~~
@quest9721,God-blessed voice and stage manners!
@KidSinofficial,이 유명한 곡을 자기 스타일로 해석해서 무대하는거보면 진짜 아티스트다
@cejlee9598,근데 난 왜 눈물이 나지 ㅠㅠㅠㅠㅠ
@user-jx5sb3ib4f,지금 다시봐도 너무 잘했고 진짜 멋진 무대매너였어  최고 최고야
@eshuh3299,와 현장에 있었다면 소름에 흥분에 감동였을듯
@biancakesss0541,"I'm here after watching the MMAs yesterday, I liked their performance especially their song a lot, they deserve  soooooo much recognition, I hope they become more successful in the future."
@user-sh8fn6jb4p,댓글 안남길수가없네 정말 음색이 독보적이네 최고
@iiel8460,It’s just never enough. I always find myself coming back to this. One of the best covers.
@user-gp5dx3vl3n,마음 속이 벅차고 웅장해진다.. 여운이 남네요. 앞으로도 한번씩 들려서 계속 들어올 영상.. 볼때마다 소름이 돋습니다.
@is8206,이형은 음 높일 필요가 없는게 와... 음색이... 하... 와... 하.... 하와와
@user-yk5ks4sb2j,"와 진짜 몇십번을 돌려보는데 미쳤어 진짜,,, 잔나비ㅠㅠ 뭐라 표현을 못 하겠어️"
@user-zm3rc7mu5w,또 보러와서 또 울었네.... 하 진짜 최고..
@maricelalira6929,"I never tired of listening your music, you are great interpreter"
@MarieClairAmorim,"What a performance! I'm just honored that I am able to know them by youtube suggestions. Real talent, all the band."
@arashi6002,뭐 말이 필요없이..앉아있던 나를 벌떡 일으켜세우는 힘이 있네요^^
@user-px8cs7de3q,저는 배철수님의 감동받으신듯한  표정에 저도 모르게 울컥하네요
@nameoftheworld1133,진짜 잘생겼다
@mb4137,"Jesus his voice is amazing, he has a really interesting sound and he puts so much emotion into singing!"
@ykyoojinkim,와... 자나비... ㅈㄴ 잘한네 ㅎ
@PeachesandPardon,I discovered them yesterday and have been binge watching videos ever since
@flair8292,Jannabi is such a good group I love all their music
@user-fj5st2bh8p,진짜 이건 반박할수 없다 잔나비는 하나의 장르로 정해야 한다 진짜..
@gamgyul698,음원으로 나왔으면 좋겠다..
@MEANGOUP,Jannabi พวกคุณสุดยอดมาก
@pianoinvivaldi1445,이 영상 봐도봐도 또 보고 싶어지고 도대체 몇번째 보는지.. 너무 잘 부르고 너무 섹시하고 완전 띵곡!!!!! perfect!!! 영상 올려주셔서 감사해요~
@user-vk3ls3kk8w,"3:46 아 여기 윤결 왜케 멋있냐 진짜 하 융결 보고싶ㅇㅓ,,,,ㅠㅠㅠㅠㅠ"
@hyalinemin,"I had the chance to see them live 2 years ago, and their energy was amazing! I love what they did with this cover too! The sound is just chefs kiss"
@user-jz2yl1xe4s,주기적으로 찾아보는영상♡♡ 잔나비만의 독특한색깔을 정말사랑합니다
@user-zo1be2zg9k,그댓글 어디감 애들이 잘따라와줘서 벅차오른 음악선생님 같다는 거ㅋㅋㅋㅋㅋㅋ
@shay....,Omg the voice is sooo soft
@userr7300,초반부랑 후반부랑 발성이 많이 달라지네 ㄷㄷ 이게 뭐라고 이렇게 소름돋지?
@bjwoo27,배철수 표정이 제일 깊게 남는다. 어떤 평을 했는지도 듣고싶음
@user-ls3ky3ew1b,뭔가요 마음속 깊은곳에서 올라오는 이 울컥함은?
@user-gd5uh3we4j,와 전달 좋다  콜플이랑 엄청 다른 느낌인데 좋게 다름
@clairedo7735,Love his expression
@good-dh2oc,"오우~ 해외파 같은 느낌~ 개성 가득하네요 독특한 끌림, 한편의 영화같은 보컬, 자주 보고 싶은 보컬이네요~"
@user-tn1eh2ef3v,왜케 행복하게만드는거니?눈물도나고...
@precylyngerolaga4156,"they are the best band i've came across with. i'm really rooting for them, seriously. i hope someday they'll be known worldwide♡ jannabi, the best!"
@meryton,I absolutely love this! I think I am becoming a fan of Jannabi.
@lobosbabe2012,지금 들어도 참 좋네여
@user-cy1jq9qy2b,와  쩐다 이게 이렇게 슬픈노래였어?  도대체  머냐  ㅠㅠ
@The_Scent_of_cherry,역대 내가 들었던 콜드플레이 커버중 탑이다... 음악을 넘어 예술 그 자체였던 라이브다.
@jeexxin,난 아직도 나혼산 운동회 때 잔나비 편집된게 너무 아쉬워....
@user-oq4iz6gs1y,노래하는 아름다움이 뭔지 보여준 최고의 무대~
@malarosa9,"Oh my god, im in love with his voice"
@user-ul2wc5nq6l,배철수가 늙은 왕이고 최정훈은 젊은 왕의 모습인것 같음 목소리만 늙은 그대로인채로  왕이 과거를 회상하면서 부르고 있는모습.. 그러다가 노래가 끝나고 다시 회상에서 깨어난 왕의 표정이 배철수의 표정같다
@user-ik2bi3te4w,"본곡은 프랑스혁명을 모티브 한 곡이며, 원작은 용맹한 샤를10세를 표현 했지만, 잔나비는 이번곡의 샤를10세를 본인의 지난 과거사를 안타깝고 그리워 하는듯 묘사한 것 같아요"
@gengdato9528,Best cover ever
@hmi4435,Wow awesome zannavi
@Hdidbi_3049,I clicked for his hair but was pleasantly surprised at the performance haha
@Go-jx8jj,원곡이 소설같다면.. 잔나비는 시같다.
@user-wl3zu1pe3j,오랜만에 수신료의 가치를 보답한 무대️
@user-eh9ft2ic7r,진정한 아티스트 잔나비~ 멋진 음악 감사합니다^^
@happywonjinlee,배철수님의 저런표정은 처음이네요. 감격 그 이상의 표정
@sonny7054,콜드플레이가 부르는것도 물론 좋지만 잔나비의 비바라비다는 표현할수 없을 만큼 벅차다
@user-vs7qd4ii2m,님들아~영원하소서
@user-fi6jo9nb8o,베이스드럼 둥둥둥 소리가 너무 좋아
@doil2057,우리나라에서 밴드중에서 독보적인 색깔을 가지고 있다고 생각합니다
@stefaniemar7221,"wow esta version de Jannabi me pone los pelos de punta! grande Jannabi, Rock will never die"
@user-gg7zi4jn1p,그래 이게 잔나비지
@duckrani,오늘 또 이렇게 이상형이 바뀝니다 ..
@user-by4vw9xx2i,이게 우승이 아니라니..
@91Rabun,2:25 드럼 가리키는 거 봐.. (가삿말상 북이지만) 단순히 노래하는 게 아닌 대중에게 대서사시를 전달하는 화자의 모습같다
@yjw0128,진짜 개멋있다....
@user-yj3yh9tk1u,처음으로 울컥하게만들고 눈물까지 나게 하는 음악이네요
@Zhuge_Liang0903,진짜 너무 대단하다... 엄청 멋지네요 근데 어휘력이 딸려서 표현을 못하겠음... 아 진짜 최고인데 너무 좋은데 아 진짜 너무 좋은데 아 진짜 짱인데
@user-jc6kw9mm2f,잔나비 최정훈 최고다~~~
@user-uq6cm1vx1g,"진짜 알고리즘 뜰 때마다 들으러 오게 만드는 끌림있는 노래,,, 잔나비최고,,,,"
@user-wj9ox8hd8w,하루 한번은 꼭봐야 합니다 오늘도역시다
@beauty7310114,왠지 완벽주의자 일것같다. 노래에서.
@user-dh7pd2em5t,"2020 한국대중음악상 '올해의 음악인' 후보  잔나비  아름답고 서정적인 선율, 추억 속 어딘가를 건드리는 가사, 이 모든 요소를 버무려 향수를 불러일으키는 레트로 사운드. 잔나비는 좋은 음악은 취향을 넘어 보편성을 가진다는 사실을 증명했다. ""세대를 아우른다""는 흔한 말은 현실에선 환상에 가깝다. 맛집도 의견이 갈리는데 성별, 연령, 직업, 성격 등에 따라 다양하게 갈리는 취향을 모두 맞출 수 있다는 말이 환상이 아니면 무엇이란 말인가. 잔나비는 이런 환상을 현실에서도 실현할 수 있음을 보여주며 한 해를 빛냈다.  선정위원 정진영"
@kirby-ek5jq,진짜 전설을 노래했다 ㄹㅇ
@user-dm2hr3qk9l,"Jannabi, Hyukoh, The Rose, Day6(even tho they forget their lyrics), FT. Island, Hoppipolla, N. Flying are all such good korean bands"
@user-jt8kp8ep8i,중세유럽 성안 도시 길거리에서 아이들한테 자기 일대기 얘기해주는 할아버지같다. 근데 알고보니 그 할아버지가 왕위 내려놓고 정체 숨기고 사는 옛 왕이었던거임
@jinnykoh1,그냥 팬심 다 빼고 봐도....진짜 잔나비는 다른 아티스트로 대체가 불가함. 그러함. 이말이 맞음.
@ritesh146,Thank you for doing justice to one of my favorite songs <3
@maekjin,탁하면서 부드러운 목소리 존좋
@honghonghong0728,이거 음원으로 나오면 좋겠다
@user-xi4yn3cb8h,"ᴠɪᴠᴀ ʟᴀ ᴠɪᴅᴀ  I used to rule the world 난 세상을 지배했었어  Seas would rise when I gave the word 내가 명령하면 바다도 움직였었지  Now in the morning I sleep alone 지금의 난 아침에 홀로 잠들고  Sweep the streets I used to own 내 것이었던 거리를 청소하고 있네  I used to roll the dice 난 한때 기회를 잡았지  Feel the fear in my enemy's eyes 적군의 눈에 담긴 두려움을 즐기곤 했지만  Listen as the crowd would sing 지금은 군중들의 노랫소리가 들리네  ""Now the old king is dead, Long live the king"" ""늙은 왕은 죽었다, 왕이여 만수무강하소서""  One minute I held the key 한 때 나는 모든 것을 가지고 있었는데  Next the walls were closed on me 무너지는 장벽에 의해 가로막혀버렸고  And I discovered the my castles stand 내가 서 있는 성을 발견했지만  Upon pillars of salt and pillars of sand 소금기둥과 모래기둥만으로 이루어진 곳이었지  I hear Jerusalem bells a ringing 예루살렘의 종소리가 들리고  Roman Cavalry choirs are singing 로마 기병대는 합창을 하고 있어  Be my mirror, my sword and shield 나의 거울, 나의 창과 방패가 되어 주오  My missionaries in a foreign field 타지에 있는 나의 선교사들이여  For some reason I can't explain 어떤 이유에선지 설명할 순 없지만  Once you go there was never 네가 가보지 않은 저 자리에 앉게 된다면  Never an honest word 진실된 말은 하나도 없을거야  But that was when I ruled the world 예전 내가 지배했던 세상과 같이.  It was the wicked and wild wind 사악하고 거친 바람이  Blew down the doors to let me in 불어서 나를 문으로 들어가게 만들었지  Shattered windows and the sound of drums 산산조각나는 창문과 드럼치는 소리  People couldn't believe what I'd become 내가 이렇게 될 존재라는 걸 사람들은 믿지 않았지  Revolutionaries wait 혁명가들은  For my head on a silver plate 내 머리가 은쟁반에 올려지길 기대하고 있어  Just a puppet on a lonely string 그저 외로운 줄 위의 꼭두각시에 불과하는 나를  Oh, Who would ever want to be king? 아, 이제 누가 왕이 되고 싶어할까  I hear Jerusalem bells a ringing 예루살렘의 종소리가 들리고  Roman Cavalry choirs are singing 로마 기병대는 합창을 하고 있어  Be my mirror, my sword and shield 나의 거울, 나의 창과 방패가 되어 주오  My missionaries in a foreign field 타지에 있는 나의 선교사들이여  For some reason I can't explain 어떤 이유에선지 설명할 순 없지만  I know Saint Peter won't call my name 성 베드로가 내 이름을 부르진 않을거야  Never an honest word 절대 진실된 말은 없어  But that was when I ruled the world 이건 내가 세상을 통치했을 때의 얘기야  Oh, oh, oh, oh, oh, oh -  I hear Jerusalem bells a ringing 예루살렘의 종소리가 들리고  Roman Cavalry choirs are singing 로마 기병대는 합창을 하고 있어  Be my mirror, my sword and shield 나의 거울, 나의 창과 방패가 되어 주오  My missionaries in a foreign field 타지에 있는 나의 선교사들이여  For some reason I can't explain 무엇 때문인지 설명해줄 순 없지만  I know Saint Peter won't call my name 성 베드로가 내 이름을 부르진 않을거야  Never an honest word 절대 진실된 말은 없어  But that was when I ruled the world 이건 내가 이 세상을 통치했을 때의 얘기란다"
@syifanaila4712,the energy is crazy
@joujou6696,his voice really fits this song!
@Mili3765,원곡은 시간이 흐르면서 입에서 입으로 전해져 동요?민요?가 된 노래를 아이들이 부르는 그런 노래의 느낌인데 이건 노래안의 주인공이 뮤지컬에서 자기의 이야기를 노래하는 느낌
@ddiyyo,드러머형 피지컬 모야모야
@user-bb4fj3sf2n,목소리 진짜 문화재로 지정해야대
@INFP88,I love the way he sings!!
@asma4858,"His gesturers are amazing, not the same boring stuff you see everyone doing. I felt the song that much more cuz he was truley feeling those lyrics. Great job️"
@user-ko2on7nm7l,최정훈 발음 때문에 더 좋은데 진짜 뉴트로야 . . .
@Non-em6qy,천재다 천재
@user-dk5qu7ml7x,음섹이 깡패네... 환상적이여 그냥
@ZahyraSastre,"Oh, Dios mio, el talento de Jannabi es espectacular, la voz de Jung Hoon es demasiado hermosa"
@dilarakrkz8144,"His voice is perfect, just melted my heart"
@Chanhee927,와 ㅠㅠㅠㅠㅠㅠㅠㅠㅠㅠㅠㅠㅠ 개사랑해 잔나비
@Mariah-ddalgi,Oh my gosh I cried he was so good (and handsome) and the crowds support and pure joy and awe was so heartwarming️Not to mention the instrumentals too!  대박 ️ 나는 그가 너무 좋았고 (그리고 잘 생겼고) 군중들의지지와 순수한 기쁨과 경외심이 너무 따스하다고 울었습니다.
@Picanami,"He's rocking this songgg, his voice AAAAAAAAAAAAAAA"
@DD-uu2eh,새 왕위를 계승 받을 젊은 사자는 잔나비 최정훈임
@user-qq2nt5qc8f,이 좋은 영상을 이제야 보다니
@sisidepa5006,Allrght guys I will stan Jannabi for sure
@arim603,ㅋㄱㅋㅋㅋㅋㅋ찐으로 늙은 사자왕같다 ㅋㅋㅋㅋㅋㅋㅋㅋㅋㅋㅋㅋ머리 유난히 더 곱슬거리는 것 같음ㅋㅋㅋㅋㅋ
@user-ee6jw1np1w,커버별로 다양한 느낌이 있던데 잔나비는 왕위에서 물러난지 몇십년은 훌쩍 넘은 늙은 할아버지가 지팡이짚고 거리에서 손자 손잡고 걸으면서 옛날옛적 이야기 들려주는 느낌이다
@forestella_cocomaring,와.... 너무 좋아.........
@deebrad1601,"드럼, 기타, 목소리 만으로 사운드가 꽉 찬다. 멋진 밴드.."
@Ratel6,이 명곡을 갓나비가?
@Extra_ordinary_You,역시 최정훈... 역시 잔나비...
@yec4344,진짜 멋있네.
@user-nw3up5ph9v,이 무대는 미쳤다는 말밖에 안나오네
@user-xv5vv1db3i,진짜 노래 잘부른다...근데 썸네일 만든 사람 안티야???
@user-hq9he9ji1p,밴드노래는 밴드가 부를때 멋있자
@zj7vf,thank god i found u
@yunizryu9234,I in love with his voice.
@user-te2mq9jz5m,이 버전도 참 좋지만 viva la vida는 힘있게 흥겹게 부르는게 갑인듯
@user-ug9ib4tr6h,썸네일 머리숱 많은 코드 쿤스트님인 줄
@kyungsuk8641,"잔나비의 viva la vida, 이 노래는 진짜 원곡을 넘어선 명곡이다. 매번 들을 때마다 삶의 허무함을  위로받고 치유받는 느낌. . ."
@runmust7331,오~~잔나비가 이정도라고? 멋지군요~~
@OanhNguyen-pf2qr,He looks like an asian version of Timothy chalamet
@zohmingtluangi176,I really love them! They are so talented! This song is one of my favourites and I love how they've covered it so perfectly
@user-mb8zx8bh7i,이노래가 옛날 영화 ost로 나왔다면   그 영화  두고두고 챙겨봤을텐데
@ohmyumbrella,okay. This is even better than the original song.
@user-qs5cg8yq2t,넘좋은데..?
@kkb9219,원곡 해석 진짜 제대로 했네...
@user-qw6pz1fm9i,와 이런  잔나비 좋아하지만 소름돋을 정도로 놀람 이정도였어? 이미 레전드인데?
@centyngasainao1690,They deserve a standing ovation
@user-xc5wn1yg1k,배철수가 가장 사랑하는 후배
@babysaeum,이런 명가수를 활동 못하게 잠재운 이들에게 왜 그랬느냐고 묻고싶다..
@user-vd1zr7th8k,콜플은 라떼는 말여! 잔나비는 다 늙은 왕이 과거 회상 느낌이넹 조으다
@user-oh4um7qt5d,오랜만에 잔나비 보니까 심장이 아프다
@valerie1546,안정환 리즈시절 을 다시보는것 같은 미남이네요
@leona.v1268,아진심너무진심이다반할거같아
@SUPERMONKEY1028,<잔나비> 커버곡 Viva La Vida 라이브는 이 영상이 제일 좋음~!!
@fiveZero100,하...벅차오름
@sunny-tx8ww,원곡과 비교해보니 3:30에 Now the old king is dead! Long live the king라고 하는 부분은 원곡에 없던데 잔나비 애드립인지 궁금하네요 잔나비 버전은 전반부엔 늙은왕의 쓸쓸한 회한과 후반부엔 혁명의 격정이 담겨있는듯 해요
@user-tv1tm1hw1r,썸네일 왜 저런지 빨리 나한테 아무나 설명해줘.
@user-ly5su1wu3b,와.씨....  노래듣긴했지만 이정도 일줄은 몰랐지... 몰라봐서 죄송합니다
@drd00f92,이거 노래는 너무 좋다~ 잔나비 화이팅!
@mariaborowik3513,he looks legit like an older version of changbin with locks
@user-ob3dp2iw3n,진짜 라떼는 마리야를 가장 간지나게 말하는법이다..
@r.dewitt1883,정말 조화롭고 예술적이었네요..! 소름이 돋을 정도..
@syyoon4498,독보적이다 멍멍 정기적으로 들으러 옵니다 멍멍
@donthaveaname8568,are they the korean version of queen?
@charlotte-dr5cj,진짜 미안한데 썸내일좀 누가 바꿔줘요 ....
@user-bd4km5sz4i,가슴이 웅장해진다 진짜
@power11192,진짜  멋있다! ^^
@jsg3353,나만 리즈시절 안정환 보이냐 ....
@jumjum461,썸네일 머리기른 유희열인줄 알았어요!
@balkisyunus2269,MY FAV KOREAN BAND SINGS MY FAV ENGLISH BAND WHAT MORE COULD I ASK
@user-he1gf4xj3w,너무 좋네~~^^
@c1k2s,썸네일을 굳이...
@user-dk7rh9sz2j,"""LEGENO"""
@bbbbbance,I love Timothy's voice.
@seoo9583,마지막 부분 진짜 소름 돋는다 개좋아
@user-yw7lm9mf7i,"자기들은 definitely, often, exactly 발음도 제대로 못하고 얼버무리면저 남 발음 지적하네 안되는거 억지로 굴려서 부자연스럽게 발음하는것보다 자신있게 조금 틀려도 뱉는게 더 보기좋고 들을때도 자연스러운데..."
@user-xp2pq2zv1d,안정환이 노래 부르는 줄
@user-vg9fe6py9r,잔나비가 부른 cover곡  중 넘버원! ~듣고 또 듣게 되네요
@user-kumamom,와 보고 소름돋앗써 ...
@Maskids,음유시인 같네
@user-cu7tp5uy7t,"이광수,유희열,남순,윤쭈꾸,코쿤 그만좀 언급했으면..;;;; 뇌절까지 가네..? ㄹㅇ 팬들은 기분 나쁘니까 자제좀 합시다"
@user-ms2tx2kk2b,최정훈은 암만 봐도 너무 멋있어..치명적이야
@hayeongjeon4762,잔나비 공연 보고싶다ㅜㅠㅠㅜ
@user-nu4hs3ln1y,역시 잔나비다
@rierilenz7995,I love that guitarist
@user-ui3ky9dl5e,"콜드플레이 viva la vida 발매되는날 운좋게 앨범 사가지고 유럽여행 떠났었는데 아주 황홀한 경험이였음.. 그 해에 배철수 음악캠프에서 이번 그래미는 콜드플레이 앨범이 대상탈것 같다고 했었는데 진짜 그 해에 그래미는 콜드플레이가 싹쓸었음 올해의 음반, 올해의 밴드 등등"
@legardo2924,잊을만하면 생각나는 곡!! 넘 좋아 ㅠㅜ
@user-iu9gj1ry1w,재능을 타고난거. 듣기 좋다.
@ruatsanga8585,Jannabi is so underrated though
@kusu0818,잔나비는 전설이다...
@user-sq8xo6dg8l,너무좋다
@user-on5wf2kb7d,진짜소름이당..
@youngc.3892,"와오, 펍송 원곡보다 더  기가 막히게 잘 부르는 가수는 첨 봄..."
@user-dm7rd7vz3b,올때마다 출쳌할게요 하.. 감격스럽다
@user-lx6jm1fw8n,도형님 기타소리 너무 좋아요.
@user-tw4ft6sb5p,old king is dead 외치는거 왤케 좋아ㅜ
@rrawri,i’m forever gonna be in love with him
@user-mu9wh5vf1l,한동안 영상 다시볼수없써서 아쉬워는데  다시볼수있게되어서 감사드님니다! ️
@user-me7pt2py5y,아니 이건 사기잖아 ... 목소리봐
@judithjermark3367,Perfection ️
@forpjd,정말 좋다ㅎㅎㅎ
@saloni_chaudhary1420,Salute to the amazing Jannabi Drummer
@DianaCastro-jk9bc,The band's color shines
@kathykong8608,Omg.. I like his  voice so much
@user-qt3sq6rt5d,목소리 좋다야
@ayechanmoepwint4383,Unique voice.
@maximopinedaserrano9201,Wow... Too many emotions within... Congrats... Yuf made yours da song
@alwaysawake7420,1:31 로마 기병대 표현할때 창 든 손 표현에 목소리 톤은 먼가 허스키하게 용맹스럽게 바뀌는거 개인적으로 너무 좋다
@user-vk3ls3kk8w,아 진짜 너무 좋다 ㅠㅠ
@kinkin9471,I love you jannabi more as you sang this song
@user-wv9fs3kh9u,뒷 부분 보고 나도 모르게 눈물 나옴
@kenjihiroshi2012,Completely artistic
@user-bb9ih9js9z,와 뭔가를 가지고있는 뮤지션
@maricelalira6929,Jannabi you are amazing
@user-so5pv7we1y,아 너무 잘한다...ㅠㅠㅠㅠㅠ
@secretagent86,i actually enjoy the accent...makes an interesting twist on the song
@user-jf3kc7qf6v,논란이 우째 된건지는 솔직히 관심 없고... 가수가 노래 잘 하니까 최고네...이 노래 좋아하는데 해석 잘 함.. 이 가수가 가진 특유의 매력이 있으심
@whatthepeun,That was powerful.
@requies-ls1md,들을때마다 소름돋음. 잔나비 최정훈 독보적
@Paul-sl9zm,Amazing performance  ️
@user-zu8oq7vb9d,어떻게 원곡하고 다른 느낌으로 이렇게나 완벽하게 표현하지..
@gangbukkimchi1213,2:58 발로 박자 맞추는거 너무 섹시하네
@user-tp8ph7wq9w,미쳤네 보기전인데걍미쳤다
@user-zs8tw6rl8t,콜드프레이보다 훨씬 감동적 ㆍ힘있고ㆍ열정있네
@user-er8qe7qs1v,진짜.. 잔나비뿐이네.. 다른노래 다 필요없어졌음요..
@17carat30,This is just sooooooooo good
@kaiqizhang4005,best cover
@user-pb1eh3pp6l,주기적으로 들어와서 보고 가는 영상
@danielamhh,absolutely loooooove this rendition
@4polyglothyunjung814,와우!!  무대매너가 짱짱짱
@fatmasalama3613,PERFECTION.
@user-re9jx3jf9b,"또 들으러 왔다,,,"
@user-ft3qy5es8j,ㄹㅇ 전설이다..
@user-iz5wy6nb8q,"Now old king is dead, Long live the king"
@anaisreyes2938,"No puedo creer que estuve 2 años sin escuchar esta joya, NUEVA OBSESIÓN DESBLOQUEADA."
@112qweasdzxc,우와
@user-ys5nm3wo5r,아 사랑해 진짜 노래좀 내줘
@user-pu4pl7si1t,I love this.
@maricelalira6929,Ho my terrific presentación of  amazing band  Beautiful voice singing with love and passion
@nelpacapio6591,"I think with his lovely hair, great voice, lovely visual, he is the most handsome balladeer and rocker of Korea."
@i._.i3698,did he just make me cry? DID THE WAY HE SİNG JUST MAKE ME CRY?!?!?!
@user-fb5yi3or3m,할아버지가 옛날 이야기 해주는 것같다    잔나비 할부지!!!!!!!!!
@nmencedez,I dunno them but I begun to like him on this performance
@atxi8937,Wow!!!!️
@user-xh7dk3yz3g,왜인지는 모르겠지만 듣고 있으니 눈물이 쏟아지는
@thiminhthuoan567,"I love him, his facial expressions are like drug"
@user-qw3pf6mm5d,1일 1잔나비 즐거워염^^
@woojounghong1968,조타~^^
@kakashisenpai2663,I don't know y anyone hasn't mentioned it yet... But he looks somewhat like timothèe chalamet
@user-gc2bt6fd6i,눈물이나요  .... .      ㅠㅠㅠ늘건강하세요
@ratnalumut,wow...
@alicemuserfrommars,This is sooooo soooo goooood ️
@user-of4yw4tv6l,기타리프 개좋네 ㄹㅇ
@teck6646,노래 한곡 들으러왔다가  영화 한편 본 느낌..
@dahyessi7310,ㅠㅠㅠㅠㅠㅠㅠㅠㅠ 사랑해요 사랑해 ..
@rapture5056,지금 중세 왕국의 대서사시 한편 봤다
@joj6237,"약간 학교에 영어쌤인데 예전에 대학교 시절에 음악좀 하던, 밴드 하던 쌤 같은 느낌이다.... 아니면 진짜 영어 잘하시는 음악쌤 느낌..."
@user-uu2qq4cp1b,진짜 음악하는사람이네
@user-cc7do1ic4v,음원내즈세요 ㅠㅠㅠ 제발 소원 이에요ㅠㅠㅠㅠ
@saloni_chaudhary1420,Omg they made it into their own song
@abegailm.8361,uh that was fantastic !!!!
@user-dr5fr6fh6m,이게 1년전 이라니!!! 신랑이랑 티비 앞에서 실시간으로 봤던 기억이 아직 생생 한데... 시간이 너무 빨리 간다!!!
@jihye.___.v,좋아요 삼백개 못 주나.. 나 이 편곡 집에 가져 갈래..
@rans228,luxurious
@user-cv4sg6bw5f,볼때마다 소름돋는다
@lenicesena4794,Maravilha de interpretação!!
@user-qi1mn5wq5j,누가 김도형이 직캠 좀 줬으면... 머리 흔들면서 노래 불러가면서 기타치는거 풀샷에 잡힐때마다 너무 멋있어ㅠㅠ섹시해
@sujeongeom1578,마지막 배철수 표정까지 완벽한 영상
@user-tp8ph7wq9w,아 드럼 가리키는거 너무 귀여워ㅠㅠㅋㅋㅋㅋㅋㅋㅋㅋㅋ진짴ㅋㅋㅋㅋㅋㅋㅋㅋ
@ladyleun,Jannabi.
@82degrees,짱좋다
@bbs_free2894,너무좋음ㅠㅠ
@J-no9qv,몇번을  보는지... 볼때마다 전율이...
@wonsdrawing,️️️
@user-rb2ji9sn4e,난 왜 이제야 이걸 봤을까...
@manalibisht6865,He is Gods gift to us
@extrariceplease860,JannabixColdplay ️️
@user-ec5no3fn7j,원곡도 이렇게 만들었어야했다 편곡 진짜 잘했네 거기다 잔나비의 가창까지 모든게 완벽
@wp2174,어찌보면 예수님같고  어찌보면 테리우스같고 어찌보면 피흘리는 드라큐라같고  가사 외우느라 수고했어요 Thank so much
@user-xv5gs8mv6l,썸네일 보고 광수형 인줄 알았는데 노래 듣고 잔나비에 빠져서 갑니다
@Yoda012,지린다 진짜 종니잘부르네 ㄷㄷ
@dw7120,이정도면... 그냥 콜드플레이 커버할게 아니라 콜드플레이랑 합동공연 함 해야하는거 아니냐?!
@seokdrum1644,난 원곡보다 이게 더 혁명적인 느낌이고 원곡은 약간 평화시위 같은 느낌이면 이곡은 총칼 앞에서 굴하지않고 왕궁까지 가서 왕 멱살 잡고 니 왕 그만해 하면서 내리치는 느낌이여서 너무 소름 돋았음....
@user-os7fl7xu7w,왠지모르게 정말 외로운 왕이 혼자 방에서 신세한탄하는 느낌이드네
@lavadegominola8614,Omg i love this
@user-xe8rb3kx2t,어쩔꺼야.  어쩔라고...나를 죽일셈이야~~~~~~ 오 ...  멋짐으로  사람을....  깨꾸닥~~~~!!!
@realissm08,나 잔나비를 좋아했네?
@user-px7pf2ns5z,이제야 이 노래를 알다니~ㅠ 넘 멋져요 ~ 예술가 천재 최정훈님 영원한 가수로 남길 ~️
@jumana8819,Still stuck in here
@user-fk5eu2dh5j,잔나비 감성 좋다ㅠ
@kangash3580,역시 원곡처럼 웅장하고 가슴뛰는 비트가 더 좋다
@user-os7fl7xu7w,원곡은 열정넘치는 한나라의 왕이 세계를정복하는 느낌이라면 잔나비는 광기넘치는한 과학자가 세계를정복한 느낌인거같네
@nvembertrbl,Cool
@ceccab4089,"""Viva la vida"" Claro ️"
@user-vs6pd7ls1s,정훈이~~잘한다 오후
@gaezzazung,내가 이노래를 좋아하는거였어ㅋㅋ
@by-speech6902,"I used to rule the world 난 세상을 지배했었네 ​ Seas would rise when I gave the word 바다도 내 명령에 물러서곤 했지 ​ Now in the morning I sleep alone 이젠 아침에 홀로 잠들고 ​ Sweep the streets I used to own 내 것이었던 거리를 청소하네 ​ ​ I used to roll the dice 내가 주사위를 던져 진군을 명하면 ​ Feel the fear in my enemy's eyes 적들은 두려움에 떨었건만 ​ Listen as the crowd would sing 이제 백성들의 노래가 들리네 ​ Now the old king is dead long live the king 늙은 왕이 죽었으니 새 왕께 만세 ​ ​ One minute I held the key 잠깐 열쇠를 쥐고 있던 나 ​ Next the walls were closed on me 이젠 방에 갇힌 신세 되어 ​ And I discovered that my castles stand 이제야 깨닫네 나의 성은 ​ Upon pillars of salt and pillars of sand 소금 기둥과 모래 기둥 위에 서 있음을[5] ​ ​ ​ I hear Jerusalem bells are ringing 예루살렘의 종소리와 ​ Roman Cavalry choirs are singing 로마 기병대의 합창이 들리네 ​ Be my mirror my sword and shield 내 거울과 검과 방패가 되어주오 ​ My missionaries in a foreign field 낯선 땅으로 떠나간 내 선교사들이여 ​ For some reason I can't explain 말로 설명할 순 없지만 ​ Once you go there was never 저 높은 곳에 앉으면 ​ Never an honest word 진실함은 존재하지 않네 ​ That was when I ruled the world 내가 통치하던 그때처럼 ​ ​ It was a wicked and wild wind 그 악하고 거세던 바람 ​ Blew down the doors to let me in 날 그 문으로 밀어 넣었네 ​ Shattered windows and the sound of drums 창문이 부서지고 북소리가 들리고 ​ People couldn't believe what I'd become 나도 날 감당할 수 없었지 ​ ​ Revolutionaries wait 혁명가들은 기다리네 ​ For my head on a silver plate 내 머리가 은쟁반에 올라가길 ​ Just a puppet on a lonely string 외줄에 매달린 꼭두각시여 ​ Oh who would ever want to be king 아, 그 누가 왕이 되고 싶어 하겠나 ​ ​ I hear Jerusalem bells are ringing 예루살렘의 종소리와 ​ Roman Cavalry choirs are singing 로마 기병대의 합창이 들리네 ​ Be my mirror my sword and shield 내 거울과 검과 방패가 되어주오 ​ My missionaries in a foreign field 낯선 땅으로 떠나간 내 선교사들이여 ​ For some reason I can't explain 말로 설명할 순 없지만 ​ I know Saint Peter won't call my name 성 베드로가 내 이름을 부르진 않겠지[6] ​ Never an honest word 진실함은 존재하지 않네 ​ But that was when I ruled the world 내가 통치하던 그때처럼"
@cyan6293,와 진짜 좋다
@user-dh6ms3un1q,배철수 아저씨 진하게 감동하신 표정에서 여러 감정이 느껴진다
@wayames5116,Wow
@user-yt4cl9il5j,이건 콜드플레이도 인정할듯한 실력....
@zerojun_,진짜 완벽하다..그래서 카피하는데 개빡세다..살려줘요..
@80z_,"Music, expressions ... Such a passionate band. Bravo!"
@tessala7046,Beautiful voice and song
@amellalyortizmartinez3344,estoy enamorada de este hombre
@0a00a0,잔나비는 김c처럼 뭔가 얼굴만 봐도 예술할 것 같이 생겼다 둘이 닮은건 아니지만
@MounataSadia1302,Jannabi! <3
@kenjihiroshi2012,Arte.
@bape3692,전율돋네
@mor5618,
@yaho6319,ㅋㅋㅋ콜드플레이 공연장소에서 이걸 라이브로 들으면 얼마나 대단할까
@loaf_around_bear,머리스타일 땜에 더 그런지 모르겠는지 진짜 옛날 왕이 노래부르는것 같다
@user-pl4of1rz1f,철수형 표정 뭐야? ㅋㅋㅋㅋ 개귀엽잖아
@user-yl7pc4vn1z,"난 한때 세계를 지배했지  Seas would rise when I gave the word   내 말 한 마디에 바다엔 파도가 일었어 Now in the morning I sleep alone  그러나 이제 아침에는 혼자서 잠을 자고  Sweep the streets I used to own  한때 내 소유였던 거리를 청소하는 신세야   I used to roll the dice  때론 주사위를 굴렸어 Feel the fear in my enemy's eyes 적들의 눈에 서린 공포를 느끼면서  Listen as the crowd would sing  군중들이 노래하는 소리가 들려 ""Now the old king is dead! Long live the king!"" ""이제 늙은 왕은 죽었다. 신왕 폐하의 만세를 빕니다.""   One minute I held the key  Next the walls were closed on me And I discovered that my castles stand  Upon pillars of salt and pillars of sand 잠깐동안  난 열쇠(권력)를 쥐었지만  다음 순간 벽이 내 위에서 닫혔어 그리고 나의 성이 소금 기둥 위에, 모래 기둥 위에  서있는 것을 알았어   I hear Jerusalem bells a ringing  Roman Cavalry choirs are singing Be my mirror, my sword and shield  My missionaries in a foreign field 예루살렘의 종소리가 들려  로마 기병대의 성가대가 노래하고 있어 해외에 있는 나의 사절들이여  나의 거울, 칼, 방패가 되어 줘   For some reason I can't explain  Once you go there was never Never an honest word  And that was when I ruled the world  어떤 설명할 수 없는 이유 때문에  일단 너가 떠나버리면 그곳에는 진실된 말이란 전혀 존재하지 않았어  내가 세계를 다스릴 땐 그랬지   It was the wicked and wild wind  Blew down the doors to let me in Shattered windows and the sound of drums  People couldn't believe what I'd become  사악하고 거친 바람이 불어와  나를 문 안으로 밀어 넣었어 창문이 박살나고 북소리가 들렸지  사람들은 내가 그렇게 될 것을 믿을 수 없었어   Revolutionaries wait  For my head on a silver plate Just a puppet on a lonely string  Oh who would ever want to be king?  혁명이 은쟁반 위에서 나의 목을 기다리고 있었지 단지 끈의 조정에 따라 움직이는 외로운 꼭둑각시 누가 왕이 되길 원할까 ?   I hear Jerusalem bells a ringing  Roman Cavalry choirs are singing Be my mirror, my sword and shield  My missionaries in a foreign field  예루살렘의 종소리가 들려  로마 기병대의 성가대가 노래하고 있어 나의 거울, 칼, 방패가 되어 줘  나의 해외 사절이 되어 줘  For some reason I can't explain  I know Saint Peter won't call my name Never an honest word  But that was when I ruled the world 설명할 수 없는 어떤 이유 때문에  성 베드로는 나의 이름을 부르지 않을거야 (천당으로 날 부르진 않을거야) 진실된 말을 하지 않을거야 내가 세계를 다스릴 땐 그랬지     I hear Jerusalem bells a ringing  Roman Cavalry choirs are singing Be my mirror, my sword and shield  My missionaries in a foreign field  예루살렘의 종소리가 들려  로마 기병대의 성가대가 노래하고 있어 나의 거울, 칼, 방패가 되어 줘  나의 해외 사절이 되어 줘     For some reason I can't explain  I know Saint Peter won't call my name Never an honest word  But that was when I ruled the world  설명할 수 없는 어떤 이유 때문에  성 베드로는 나의 이름을 부르지 않을거야 진실된 말을 하지 않을거야  내가 세계를 다스릴 땐 그랬지"
@goodtime4665,정훈쓰 최고
@user-kg3xu5pd7c,هذي الفرقه مجنونه
@ssuyyeon,드럼 지린다... 와
@user-fr4ck3ze6c,머리 모양때문인지 노래랑 잘어울린다. 진짜 영화에서 나오는 황제에 아들같에
@user-nh5ew3ry6h,3:31초.. 표정 섹시해...
@user-om9yo5wn9p,잔나비란 종교에 최정훈교주가 사람들 홀리네..
@maestrochoi6000,목소리가 너무 좋네요.
@zzinix.,사랑해️
@seanhong3959,와 무대가 걍 영화 한편이네 ㅋㅋ
@user-tt4gi2vu8m,와 진짜 이거들으니까 원곡 못듣겠음 ㅠ 너무 완벽하다
@Y51F54,이거 현장에서 들었으면 오졋겠다
@keewoo885,그냥 부르는게 아니라 곡을 잘 이해하고 본인만의 색깔로 부르는게 너무 좋다
@user-yy7ix7cn4x,"But even now, the old king is alive and well..."
@ripxx_x,최정훈님 같은 머리 스타일이 너무 부럽다
@user-el1ct4dg8s,진차 조으네
@nesib9234,WOW
@user-zm2et9vf8f,이노래는 여기가 최고
@Solomon_the_wise,배철수님 편 레전드네... 유회승 챔피언부터 잔나비 비바 라 비다까지...
@rivsldo082,만감이 교차하는  레전드 배철수의 얼굴.
@user-zq6ol7ws9g,배철수 선생님 표정봐 ㅠ
@ztst01,편곡 잘하고 자기 스타일로 잘 불렀는데. 원곡의 에너지가 압도적으로 훌륭해서 이보다 더 좋기가 어렵다
@rafac84,03:53 배전드도 놀라시는것 같음.  이야 ~ 이 밴드가 이 정도였나?  하시는 표정.
@icamala,맨 마지막에 배철수님 눈동자가 흔들림... 카메라가 없었으면 눈물을 훔치셨을지도~~~~
@youngc.3892,"Goldplay을 뛰어넘는, 깊은 여운을 주는 잔나비, 정말  최고다!!  견줄 가수가 없음 ."
@suelicatache6975,
@tobiasy88,보컬 생긴 것도 한국인스럽지 않고 월드스타 가입시더
@pinjo.y8204,3:54 배철수 선생님 표정 = 내 표정
@kimicucumber4006,"his english pronounciation is excellent :"""""
@mrRiddle12,wow! the voice tho
@fofnems,어디 아푸지말구 약같은거 하지말구 울곁에 평생 있어주면 좋게따ㅏㅏㅏㅏㅏㅏ
@user-uf1mn7qk5z,슈퍼밴드 경연에서 비바라비다 하현상님 신예찬님 홍진호님 무대를 숨을 멈추고 본 곡이네요 너무 감동이었습니다! 400만뷰가 넘는... 느낌은 다르지만 두분다 너무 좋네요!
@rnglgmz,I’m cry
@AA-wf7ds,"My museeeee, ️️️️️"
@fb6670,Bravo!
@user-ei2vx7jy7m,겨리 보고싶어 이이잉잉이ㅇㅣ잉
@spc9197,오우 더울때 봐야지 ㅋㅋㅋㅋ
@mariadagracamangueira2795,
@user-yy3bb1fo7c,홀린다
@user-qq4eu6gv5i,
@user-yu1fg6jy3l,보고싶어..어
@user-ge2lg2gw5x,
@lionelmessi9199,4:19 혼자 다른방향으로 손 흔드는 주황분이 킬포
@user-xc5gj5tj1z,기타가 오아시스네................
@melon6331,절정으로 치닫으며 고조될때  어린아이처럼 박수치며 해맑게 환호하는 관객의 얼굴이 나오는데 순간 눈물이 왈칵..  우주보다 크고 위대한  사람의 마음을 움직이는  음악의 힘이란  이토록 아름다운 것을...
@user-vs6pd7ls1s,불명에 나온다면서요? 코로나로  노 객석이지만 이쁘게 잘하세요♡
@dyd7240,개인적으로  0:00~5:12까지가 젤 좋은듯
@Siel393,"안정환이 노래부르는거 같아,,"
@nakamotorskrskrvroom8038,sees dohyun smiles
@tasneemstark4601,
@kjjun7,인간문화재 등록점요
@selenbisan7238,
@user-jq1jz5pb3x,"크리스 마틴 30대에 부른 영상만큼 좋아요! 좀 더 빠른,  박진감 있는 반주와 떼창이면 더욱이겠죠~"
@user-mz1fc4kk4e,콜드플레이가 이거 봐야 된다 진짜 ㅠㅠㅜ
@TaiNguyen-sc5zq,Đỉnh quá
@user-ci4it8ux7i,진짜 미쳤다
@hibayanni7028,Art art art art
@user-rb7kt7uq6z,무대 자체를 아주 예술로 만드는 매직을 보여주네. 잔나비
@bigtree8867,네이버 블로그와 포스트에 공유합니다. 감사합니다.
@Continue_Reset,또다른 버전이라니..
@user-sq3wt3jg6u,저 밴드 인원만으로 무대가 꽉차는 느낌이다...
@CACAOwallet,뮤지컬 보는 느낌
@user-dt9ls8xf7g,나만... 썸네일 훅훅 내리다가 흠칫 보고 티모시 샬랴메인줄 알았나.... 깜짝놀랬네... 오해하고 들어왔지만 귀호강하고 갑니다 믿듣잔나비
@user-jm9bi5hw4u,울엄마가 저 아저씨 머리 이쁘다고 미용실 어디하는지 알아보자고 했던게 문뜩 생각나네
@bonusduckmann9997,robert plant 닮음. 외국인같이 생겼엌ㅋㅋㅋ 물론 목소리도 너무 좋다
@user-or5tk6yt4g,소름
@hibayanni7028,I want meet him
@Picanami,SIS THEY'RE GOOD THEY KNOW HOW TO HYPE THE CROWD MYGODDDDDDD IT'S REALLY A BANDDDDDD
@chickenstock2869,INSANE!!
@user-rw1kf3sg1v,2020 11월 손
@pkoju5563,"I used to rule the world 난 한때 세상을 지배했었지 Seas would rise when I gave the word 내 한마디에 바다가 들썩이곤 했었지 Now in the morning I sleep alone 하지만 이제 난 아침에 홀로 잠을 청하곤 해 Sweep the streets I used to own 한때 내것이었던 거리를 청소하면서 I used to roll the dice 난 한때 주사위를 굴리곤 했지 Feel the fear in my enemy's eyes 내 적들의 눈속에 비친 공포를 느끼면서 Listen as the crowd would sing: 군중의 노래를 잘 들어봐: ""Now the old king is dead! Long live the king!"" ""옛 왕이 죽었다! 폐하 만세!"" One minute I held the key 한때 난 열쇠를 쥐고 있었고 Next the walls were closed on me 바로 다음순간에 벽들은 나를 가둬버렸지 And I discovered that my castles stand 그리고 난 알아버렸지, 내 성은 Upon pillars of salt and pillars of sand 모래와 소금의 기둥에 지탱되고 있다는걸 I hear Jerusalem bells are ringing 내 귀엔 예루살렘의 종소리가 들리고 Roman Cavalry choirs are singing 로마 기병대 악단의 노랫소리도 들려 Be my mirror my sword and shield 나의 거울이 되어주오, 나의 검과 나의 방패 My missionaries in a foreign field 그리고 낮선 땅에 있는 나의 선교자들이어 For some reason I can't explain 난 왠지 모르게 설명할수가 없어 Once you go there was never, never an honest word 그곳에 다다르면 절대, 절대로 진실된 말같은건 없어 That was when I ruled the world 내가 세상을 지배했을때 말이지 It was the wicked and wild wind 사악하고 난폭한 바람이었어 Blew down the doors to let me in. 내가 들어갈수 있게 문을 부숴준건 Shattered windows and the sound of drums 부서진 창문들과 북소리들 People couldn't believe what I'd become 사람들은 나의 변한 모습을 믿기 힘들어했지 Revolutionaries wait 혁명가들은 기다리고 있지 For my head on a silver plate 은쟁반 위에 올려진 내 머리를 Just a puppet on a lonely string 난 그저 외로운 줄에 달린 꼭두각시인걸 Oh who would ever want to be king? 그 누가 왕이 되고 싶어할까? I hear Jerusalem bells are ringing 내 귀엔 예루살렘의 종소리가 들리고 Roman Cavalry choirs are singing 로마 기병대 악단의 노랫소리도 들려 Be my mirror my sword and shield 나의 거울이 되어주오, 나의 검과 나의 방패 My missionaries in a foreign field 그리고 낮선 땅에 있는 나의 선교자들이어 For some reason I can't explain 난 왠지 모르게 설명할수가 없어 I know Saint Peter won't call my name (1) 난 성 베드로가 내 이름은 부르지 않을거란걸 알아 never in all this world, 이 세계에 있는한 절대로. That was when I ruled the world 내가 세상을 지배했을때 말이지 I hear Jerusalem bells are ringing 내 귀엔 예루살렘의 종소리가 들리고 Roman Cavalry choirs are singing 로마 기병대 악단의 노랫소리도 들려 Be my mirror my sword and shield 나의 거울이 되어주오, 나의 검과 나의 방패 My missionaries in a foreign field 그리고 낮선 땅에 있는 나의 선교자들이어 For some reason I can't explain 난 왠지 모르게 설명할수가 없어 I know Saint Peter won't call my name (1) 난 성 베드로가 내 이름은 부르지 않을거란걸 알아 never in all this world, 이 세계에 있는한 절대로. That was when I ruled the world 내가 세상을 지배했을때 말이지 1. 성 베드로는 예수님으로 부터 천국의 열쇠를 받았다고 알려지고 있으며, 그 이유로 종종 천국의 수문장으로 회자된다. 그러므로 성 베드로가 내 이름을 부르지않는다는건 천국으로 가지 못한다는 뜻."
@user-wf2pr3wj1n,나라마다 억양다르고 영어는 세계적언어라 발음이 개인적으로 정해져있다고 생각하진 않습니다.
@nakamotorskrskrvroom8038,towards the end the whole thing escalated
@user-pk8kr9ge4m,무엇보다.  너무. 잘. 생겼다
@user-yc5my9wc1h,2:30
@1ne_day,미쳤다
@rubip7836,CANTAS HERMOSO!!!!!!!!!!!
@user-xw1bx9us4q,고급진 촌스러움
@TV-se4ce,잔잔하구나 잔나비
@hoon._y,처음 베이스소리 너무 좋다
@aigoyo144,Wa.......
@gkert19,2:37 너무 좋음...
@MIN-kt2hy,정훈 도형 경준 결 사랑해
@-hehehoho99222,3:53 배철수씨 표정에서 보인다 지나온 세월에 대한 아쉬움과 그리움이
@fatimaaldawood2105,Im the english comment youre looking for
@user-ng5vb7ty9j,몰락했던 황제가 썰 풀다던 댓글 어딧어 ㅜㅜ
@qkqhemf6513,ㅜㅜㅜㅜㅜㅜㅜㅜㅜㅜㅜㅜㅜㅜㅜㅜ
@My-uz9wq,1:56 2:21 3:28
@99Are_you_a_carrot,3:45 레잔드.....
@theendfreedom6421,오 이걸 ?
@user-rk9ow5nm9u,예술을 느끼지 않고 분석부터 하는 것은 스스로 아마추어임을 증명하는 것이다.
@seahorse6989,미쳤다
@TV-sv8zb,이걸 보고 내가 어휘력딸리는걸 알게됫네
@onlyj9216,기승전결 ㅆㅅㅌㅊ
@open1048,썸네일좀 바꿔주지 ㅠㅠ
@user-vt2tr6ev3h,3:45 다좋지만 이부분 부터 미쳤다.. ㅠ
@user-vz9ck5up7n,노래에취해부르는최정훈~그모습에취해바라보는나~
@hibayanni7028,I want it clair version
@hey9260,Coldplay보다 곡하고 음색이 더 더더더 잘  어울려여
@min-gyupark559,콜드플레이보다 곡 해석이 월등한 듯...잔나비 쵝오! Long Live Jannabi!!!
@joonyparks,원곡보다 훨씬 낫다. 이것 듣고 원곡 들으니 뭔가 부족한 듯한 느낌. 특히 잔나비 기타 연주가 일품이다.
@user-mo4se2ot8q,nice w
@KWONJH-lg7oi,음원은 왜 안나올까요 ???  음원으로 듣고싶은데 아쉽네요
@florlucena9080,Se parece a changbin
@L-sJ,한국판 로키..
@user-tr3bp7mx9c,오우 태버 갓
@sengp9592,축구 잘차게 생김
@stupidnerdy4591,idk why ppl will dislike this ;-;
@syra-a2313,why does this guys look like korean timothee chalamet? Anyone els?
@elleaeiou,WHOOO ISS HEEEE!??? OMG! HIS VOICE!
@hihamg,숀머리위로가 제일 의외고 감동이다 온통 영언데 퓨쳐핸접 말고 손머리위로ㅋㅋㅋㅋ
@user-ht6rt7ht6z,"I used to rule the world  ​  난 한 때 세상을 지배했었지  ​  ​  Seas would rise when I gave the word  ​  내 말 한 마디에 바다가 솟아 올랐지  ​  ​  Now in the morning I sleep alone  ​  이제 난 아침에 홀로 잠을 자고  ​  ​  Sweep the streets I used to own  ​  내가 한 때 지배했던 거리를 쓸지  ​  ​  I used to roll the dice  ​  난 주사위를 굴리며 도박을 하곤 했지  ​  ​  Feel the fear in my enemies’ eyes  ​  적의 눈에 서린 공포를 느끼면서  ​  ​  Listen as the crowd would sing:  ​  군중이 노래하는 걸 들어봐  ​  ​  ""Now the old king is dead! Long live the king!""  ​  “이제 옛 왕이 죽었다! 왕이여, 만세!”   ​  ​  One minute I held the key  ​  한 때 난 열쇠를 쥐고 있었지만  ​  ​  Next the walls were closed on me  ​  다음 순간에는 사방에 벽이 나를 에워싸고 있었어  ​  ​  And I discovered that my castles stand  ​  그리고 난 발견했지, 나의 성은  ​  ​  Upon pillars of salt, and pillars of sand  ​  소금 기둥, 그리고 모래 기둥 위에 서 있었다는 걸  ​  ​  I hear Jerusalem bells are ringing  ​  예루살렘 종소리가 들리네  ​  ​  Roman Cavalry choirs are singing  ​  로마 기병대가 합창하는 소리가 들리네  ​  ​  Be my mirror my sword and shield  ​  나의 거울, 나의 검, 방패가 돼 주오  ​  ​  My missionaries in a foreign field  ​  타지에 나가 있는 나의 선교사들이여  ​  ​  For some reason I can’t explain  ​  어떤 이유에서인지 설명할 수가 없네  ​  ​  Once you go there was never,  ​  일단 그 곳에 가면, 절대로  ​  ​  Never an honest word  ​  절대로 진실된 말 따위는 없다는 걸  ​  ​  That was when I ruled the world  ​  그건 내가 세상을 지배했을 때의 얘기지  ​  ​  It was the wicked and wild wind  ​  지독하고 사나운 바람이었지  ​  ​  Blew down the doors to let me in.  ​  문을 부숴버려서 내가 들어갈 수 있었지  ​  ​  Shattered windows and the sound of drums  ​  깨어진 창과 북 소리  ​  ​  People couldn’t believe what I'd become  ​  사람들은 나의 변한 모습을 믿지 못했지  ​  ​  Revolutionaries wait  ​  혁명가들은 기다리지  ​  ​  For my head on a silver plate  ​  내 머리가 은쟁반에 올려지길  ​  ​  Just a puppet on a lonely string  ​  한 가닥 외로운 줄에 매달린 꼭두각시일 뿐이지  ​  ​  Oh who would ever want to be king?   ​  오 누가 왕이 되고 싶어하겠어?  ​  ​  I hear Jerusalem bells are ringing  ​  예루살렘 종소리가 들리네  ​  ​  Roman Cavalry choirs are singing  ​  로마 기병대가 합창하는 소리가 들리네  ​  ​  Be my mirror my sword and shield  ​  나의 거울, 나의 검, 나의 방패가 돼 주오  ​  ​  My missionaries in a foreign field  ​  타지에 나가있는 나의 선교사들이여  ​  ​  For some reason I can’t explain  ​  어떤 이유에서인지 설명할 수가 없네  ​  ​  I know Saint Peter won't call my name  ​  성 베드로가 내 이름을 부르지 않을 거란 걸 알지  ​  ​  Never an honest word  ​  절대로 진실된 말 따위는 없다는 걸  ​  ​  And that was when I ruled the world  ​  그건 내가 세상을 지배했을 때의 얘기지  ​  ​  I hear Jerusalem bells are ringing  ​  예루살렘 종소리가 들리네  ​  ​  Roman Cavalry choirs are singing  ​  로마 기병대가 합창하는 소리가 들리네  ​  ​  Be my mirror my sword and shield  ​  나의 거울, 나의 검, 방패가 돼 주오  ​  ​  My missionaries in a foreign field  ​  타지에 나가 있는 나의 선교사들이여  ​  ​  For some reason I can’t explain  ​  어떤 이유에서인지 설명할 수가 없네  ​  ​  Once you go there was never,  ​  일단 그 곳에 가면, 절대로  ​  ​  Never an honest word  ​  절대로 진실된 말 따위는 없다는 걸  ​  ​  That was when I ruled the world  ​  그건 내가 세상을 지배했을 때의 얘기지"
@seoky5393,아니 왜 멜론에 읍냐고 ㅜㅜ
@user-ox2mk7ho8v,그 댓글 내려갔나 동영상 썸네일이 '학생들의 연주가 굉장히 만족스러운 음악선생님'같다던 글 ㅋㅋㅋ
@rabbitoh300,최고의 커버인 듯 원곡보다 더 좋음
@Uuuuuuung29,썸넬 무슨일이얔ㅋㅋㅋㅋㅋㅋㅋ
@afleuriel3450,주저하는연인들을 위하여? 그거 직캠 동영상에서 어린왕자가 다 커서 어른이 된거같다 이거 보고 감명받아서 이거보러왔는데 댓보고 와장창해버림 ㅋㅋㅋ 음악쌤 ㅋㅋㅋ
@user-dj6mx3vz7w,3:30
@user-KR._.llIIlllIllIIl,극락파트 03:15
@iahimotuvwxy5400,내한공연온거야??
@adorabull6453,OH MY GOD WHAT HUH WAIT PLS LET ME PROCESS
@haku6153,음원왜없냐 짜증나게
@bnb3392,코러스 부분 프레디 머큐리같다...
@user-yh5vo4qc6g,3:30 소름...............
@user-iz2xd6pk5l,왕자님 보러 옴
@user-ql9zk3cr7e,아니 당연히 콜드플레이노랜데 콜드플레이보다 못하는건 당연하지.. 뭐 그렇게 트집을 잡아싸
@eco3194,콜드 플레이!
@user-zg5rm4nu6f,"I used to rule the world  Seas would rise when I gave the word  Now in the morning, I sleep alone  Sweep the streets I used to own  I used to roll the dice  Feel the fear in my enemy's eyes  Listen as the crowd would sing  Now the old king is dead! Long live the king!  One minute I held the key  Next the walls were closed on me  And I discovered that my castles stand  Upon pillars of salt and pillars of sand  I hear Jerusalem bells are ringing  Roman Cavalry choirs are singing  Be my mirror, my sword and shield  My missionaries in a foreign field  For some reason I can't explain  Once you go there was never, never a honest word  And that was when I ruled the world  It was a wicked and wild wind  Blew down the doors to let me in  Shattered windows and the sound of drums  People couldn't believe what I'd become  Revolutionaries wait  For my head on a silver plate  Just a puppet on a lonely string  Oh, who would ever want to be king?  I hear Jerusalem bells are ringing  Roman Calvary choirs are singing  Be my mirror, my sword and shield  My missionaries in a foreign field  For some reason I can't explain  I know Saint Peter won't call my name  Never an honest word  But that was when I ruled the world  Oh, oh, oh, oh, oh  I hear Jerusalem bells are ringing  Roman Calvary choirs are singing  Be my mirror, my sword and shield  My missionaries in a foreign field  For some reason I can't explain  I know Saint Peter won't call my name  Never an honest word  But that was when I ruled the world"
@qwerty-mn5lm,아놔 진짜 볼때마다 스타워즈 카일로 렌 생각나냐
@mariashreya5326,Can anyone tell me the band's / singer's name . Please.
@someoneshopebear37,Did they win?
@user-iz5wy6nb8q,철수형 표정 왤케 짠하지 ㅠ
@Blackcherry7,죄송해요 이광순줄 알고 들어왔어요
@user-kr4xm5pg5e,와 이거 뭐야
@youtuwe555,이날 ㅣ등상 탔겠죠?
@user-hz4fi7oz3x,안정환 선수 젊었을때 사진보니까 잔나비랑 똑닮았네
@broj6739,하비에르 바르뎀 최고!
@user-uq3dm8gv6n,진짜 중간에 거지같은 자막 없었음 좋겠다
@melohsuh6286,3:14 드러머가 입고 있는 셔츠 어디건가요???
@user-so1kp9ic1s,최정훈의재능을 듣고 황홀하다. .
@shay9237,나만 그런가 저 보컬 분 미카 느낌이 물씬 나네 ㅋㅋㅋ
@MSlan,잔나비 잘생 긴이광수랑 잘생긴 유희열 합친것처럼 생겼다. 내 오랜 생각이다.
@tlqkftorl15,3:43
@user-rh3pm8zp3w,드럼 치는분 몸 진짜 섹시하게 생기셨네
@user-qe3jx6jn3q,디마리아 노래 잘하네 ㄷㄷ
@rubypark9484,콜드플레이보다 더 잘부르시네요!
@m_dalpang,1:04
@jaruwitlalitrattana8474,YOU ARE HERE LOOKING FOR ENGLISH COMMENTS LOL
@JI-tl5ei,2:05 이분 무한도전 노홍철 동양화 그분 아니겠지?
@tjm.,What?! No comments on a Lee Kwang Soo doppelgänger?
@likedancejust535,이런느낌은 혁오다음으로  두번째로 느껴보네
@toqurwhd,썸넬 이렇게 할래?
@lu3urc407,주접떠는 댓글들 생각나서 가끔 옴
@happyday12343,2:00
@KS_Rebeca,원곡보다 좋은!!!
@user-kt9oe7je3i,1:46
@gingon2817,Just got Timothy Chalamet vibes
@user-rf3yd7um5g,코드쿤스트/이광수 /유희열~~~이래도 저래도   노래 해석력은 갑중에 갑!!  잔나비같은 밴드가  대한민국에 더 더 많아지길 ~~
@hoangmai4009,can someone tell me who's he ?
@Gaming_Gungfi,아니 엄마가 잔나비 찐팬이라 이노래 커버한것도 들어봤는데 내가 원곡 들려주니까 잔잔한 노래를 왜 저따구로 만드냐고 하던데 ㅋㅋ 엄마께센 아직까지 잔나비 커버가 찐인줄 아심 ㅋㅋ
@user-lf1it9kz4l,철수는 그저부럽다
@user-sx8ym3qx8c,근데 이게 배철수랑 뭔 연관임?  진짜 몰라서 궁금해서 물어봄
@user-iw9kg9hj1c,사실 어릴 때 외국 유학 갔다가 오지않은 이상 발음을 완벽하게 할 수 없음
@__.7806,왠진 모르겠는데 미카 생각남... 목소리는 완전 다른데 뭔가 노래 스타일?이 비슷한거같기도하고
@user-hy1cw7gj3i,잘생긴 이광수
@user-fl7ts3hk8c,와..ㅋㅋㅋㅋ
@sunghwanshin4290,원곡을 넘어선거 같은데  쵝오
@flexe567,3:45 노래든 뭐든 검은색이다.
@user-ts9ey4yt1p,휼륭하다
@clarkchoi2679,내가 인정하는 가수가 최고라는  확신을 되돌려받는 무대였습니다.
@user-el7nu6zs1v,이광수 노래 잘하네
@user-ur2pg8nj8h,나만 원곡이 더 좋은가보다 특유의 사람을 흥분시키는 느낌과 웅장함이 되게 좋던데
@user-dr1pr2ls6y,5:11
@joonyparks,원곡보다 훨씬 좋아요.
@w.hitefresh,잘생긴 영마이랑 잘생긴 이광수 섞은 버전
@user-nq8ey7zu1g,늘어지게 구성하면서 음향이 드럼 킬링포인트를 다 빼갔네 ㅠㅜ
@user-yp3fw6bg4k,광수형 형이왜 여기?..
@realaytbow5153,"Ну так сойдет, патлатого как звать?"
@k0r34ninArMy,나만 안정환 닮았다고 생각함?
@jaeyoung05l,썸네일 1초 코쿤
@user-ld2oh4sg3x,썸넬 이광수인가요?
@user-jp4nz4wb1t,아 썸넬 ㅋㅋㅋㅋㅋ 이광수님 흑화버전인줄 ㅎ
@user-bo9ng9lt8j,잔나비 왜 요즘은 활동 안하는거?
@user-dr1pr2ls6y,약간 영국식 발음 섞어서하는것 같은데 도대체 머가ㅜ어색한지 몰겟넹.....
@user-wl3no4cn2x,썸네일에서 왜 이광수씨가 보이지?
@Islandofash-ml4pw,죄송합니다 이광수님인줄 알고 들어왔습니다..
@user-gt2wh6th9b,천천히 내리다가 썸네일 이광수인줄 알고  이광수 노래불렀나 하고 들어오니 ?????
@user-kq4on9pn7o,철수형  운다  ㅋㅋㅋ
@user-uz8fi3wj2m,썸넬 이광수인줄;;
@user-oe6pj5pe3j,섬네일이 난또 이광수인줄...
@user-lr5bn4np6t,코리안 에어로스미스...
@diannebaloy4044,Hes like a young YHY.
@user-gw2nc2dx4l,이광수인줄알고 들어왔다가 노래 잘해서 자세히보니 잔나비네ㅋㅋ
@hhhaziq5637,He look a like timotheè chalamet...
@apdjdbfksis4470,머리카락이 궁금해서 들어왔는데 목소리 때문에 남아있는 나
@user-gb1kz2wv3k,안정환 닮았당
@user-ly3oy4oq1n,썸네일 이광수인줄 :;;;;
@user-wz5ec3ys8i,이광수가노래부르는건줄알고들어왔는데 아니네요
@joalscks1350,어후 순간 썸넬 이광순줄
@user-fz3lf7ip4n,"비비안,웨스트,우드 귀걸이 ㅎㄱㄷㄷㄷ"
@user-dg8hr9pl8d,썸네일 내리다가 순가 밤샌 이광순인줄
@bumblestar3211,Korean timothee calamte
@diwiaxs,썸네일 코드쿤스트 + 눈 반짝거리는 유희열 닮았어 ㅋㅋㅋㅋㅋㅋㅋㅋㅋㅋ
@user-ej9qc8jf9v,썸내일에 억울한 이광수 보고 들어왔다
@user-rz3rn7xr9i,와 ㄹㅇ 어떤 위인이랑닮은것같은데 누구였더라;..?
@se_onthe,썸네일 머리 기른 코드쿤스트 같애
@user-rt1ct9pv7i,마스크 안 쓰던 시절이네;;
@nyomman0527,존레논인줄.....
@user-lh3qy1xb7s,썸넬 이광수인줄 알았다 ㄹㅇ
@user-dk4tz7qo7t,존레논 닮았다^♡^
@Gaeguring,이거 보고 배철수가 뭐라고 했을지 너무 궁금함
@changsik4959,4:17 덜덜덜덜
@user-dj8yy5wq2y,발음 좋은데...? 내가 영어 못하는건 아닌데 저정도면 발음 좋은건데;; 님들이 발음해보던가
@Live-in-LIVE,썸내일 이광수인줄
@user-um2ty8og7f,안정환 노래도잘하네;;
@coremechanic3070,잘생긴 유희열이라고 하지마 계속 생각나잖아 ㅠㅠ
@user-nr1wk5bu6l,썸네일 보고 이광수인줄;;
@user-gf3sj6rt3i,순간 잘생긴 이광수인줄 알았네;
@user-rb9pc9lm2f,썸네일 이광수
@shrimp0616,썸네일 이광순줄
@user-kl3pm4bp7j,섬네일 보니깐 오ㅑ 해리포터가 얘들아 마법살래라고하는 짤 떠오르냐
@saltvillain,접신해서 작두타고 방언터진 느낌인데 ㅋㅋㅋㅋㅋㅋㅋㅋㅋ
@nursing_student23,썸네일 1초 이광수
@user-dx6rk8bf3t,우존화
@user-qt3iq6ko6y,나만 썸넬보고 이광수인줄암?
@user-ph4rx4pe4x,이광수...?
@user-gn3bx6dp7h,썸네일 보고 순간 이광수인줄
@user-ou6wy5su6x,썸넬 이광수인줄
@Lee02777,또
@user-fn3ee4mx8b,아 진짜 죄송한데 썸네일 이광수인 줄 알고 무슨 런닝맨에서 노래부르는 이광수인줄;;;
@user-kp5qw1ki7b,이광수?!?!?!?
@k-water5200,썸넬 이광수인줄
@monyking1818,쌤네일 이광수인줄ㅋㅋㅋㅋ
@bp5709,썸네일보고 이광수 인줄...
@heshe5498,썸네일 1초 이광수
@user-rl7jx6qc1i,????나만 이광수인줄 알고 들어옴????
@user-wo5nl9sh1s,코쿤?
@keg7949,"썸넬 나만 유희열+이광수 느낌인가.,..."
@zzang6573,노래부르는 코쿤
@user-mn5zg3zp6k,이광수인줄
@jisoohan465,썸네일이 일그러진 티모시 샬라메 닮았네
@user-Ronaldo_no.7,썸네일 그리즈만+디마리아
@user-to3xt1pb7n,잔나비보면 왜 한국판 로키 같지 ㅋㅋㅋㅋ
@user-ku8ob6ey4h,썸넬 이광수
@user-qg1dz2hw2t,썸네일 이광수+유희열
@user-ni7wn5br7l,썸네일에 김광수씨 보고 들어왔습니다.
@user-gp7pq4xb2c,근데 전설 디제이 배철수인데 이곡은 왜나온건가요??
@Chosok_,썸네일 보고 유희열 머리 기른 줄 ㅋㅋㅋㅋ
@collardrag,발음가지고 트집을 잡는다고?헐
@user-hd5gj6qb1g,썸네일 이광수인줄
@user-kc1hy2ng5x,이광수인줄
@user-yk4bo5vm4z,이광순줄
@user-wc3fg6cf5h,썸네일 이광순줄
@user-wg5tx6bz3o,이광수 메이크업 받으면 이런 모습이지 않을까
@saaantaaa2287,а я думал он Киркорова петь будет
@user-qh1jp5xk5v,ㄹㅇ 안정환이네
@user-dl6dp7in8z,썸네일 이광수인줄 알았네 KBS 나쁜놈들아
@user-qw2rb4nw8f,썸네일 이광순줄알았네.....
@user-op8bo6kw7x,비에고가 노래하는 거 같네
@user-fm4ox8gg7b,썸넬 코쿤 가발쓰고 노래부르는 줄 알고 들어왔는데ㅋㅋ 아니였넹ㅠ
@user-kimnayeon,불후의 명곡 상 타갔음??
@princess6368,썸넬 대충봐서 그런가 이광수인줄
@IN_SEONG_MOON_JE_JA,썸네일 이광수인 줄
@lrixel,안정환이 노래한다
@user-gk4in4hp3c,코드 쿤스트+이광수
@harink7170,썸넬 이광수인줄 알았네
@user-mf6yd1jh2t,순간 이광수인줄
@user-lc7ch3hq9m,썸네일 이광수인 줄ㅋㅋㅋ
@dreaming1177.,잔나비는 혼혈인가요? 아니면 토종한국인인가요?
@user-vl4cp5gx7m,엄... 이광수씨인줄 알고 들어왔는데 여기가 아닌가..
@dEtaples,썸네일 머리 긴 코드쿤스트인줄 알았다...
@user-jk9qt1ch2x,썸네일 : 유재석에게 당한 이광수
@yourmyxururuca,이광수인줄
@h3855730,비바라비다는 뭐니뭐니해도 종한번 씨게 때려주고 워~~~~워워~워 이거면 끝
@brightrighter,왜 아무도 썸네일 이야기 없씀??? 진짜 풀 어그론데 ㅎㅎㅎㅎㅎ
@stejiann,BAES
@user-ic2yz5jd8v,썸네일 이광순줄 알았네
@user-wn6vb9gw5c,썸네일 이광수 아니냐
@user-dv2tc1cz4d,썸네일 이광수인줄 알았네..
@user-su4mn2wg5m,이광수
@user-nq4pw3oi5z,나 순간 이광수인줄
@user-st9sj8hf3u,이광수
@user-nq2el7mr7p,썸네일 광수형인줄 알았잖아
@user-pr1yr1te8p,눈커진 감미로운 자이언티
@arapascual6981,He looks like Timothee Chalamet
@user-tf3fw7bd7d,내 칭그랑 ㅈㄴ똑같이 생겼네
@playlist_mf,썸네일 코드쿤스트 가발쓰고 나와서 자이언티 노래 부르는 건 줄
@user-xc6ux1ps1x,아 뭐야 썸넬 코쿤인 줄 알았습니다 죄송합니다
@kevinj.7353,썸네일 슬리피인줄 안 사람 나밖에 없나???
@user-jt2iz3ew5u,윤쮸뀨 닮았네
@user-ri4yb2zp9c,하 ㅋㅋㅋㅋ이광수가 노래부르는줄알고 들왔네
@user-tj8qe5lq8e,이광수인줄 알고 들어왔네
@edenburgh6361,좀 젊은 덤블도어가 말하는것 같다
@Mel_is_cut_cat,오 그 학폭가해자 탈퇴했구나 학창시절 학폭피해자였어서 민효린같이 학폭가해자들 목소리만 들어도 속에서 강한 역겨움이 올라와서 노래가 아무리 듣기좋아도 불편해서 듣기힘들었는데 다행이당
@user-kt9kw9uk9m,나만 광수가 보이나
@user-ze1dg2vd2o,썸네일 비둘기 두마리랑 심사하는 그 심사위원 닮았다 이름 까묵
@user-ch6wl8wg4t,썸네일 코드쿤스트같다 ㅋㅋㅋㅋ
@chaehniii,아 깜짝아 이광수 영상 보고 왔는데 썸네일보고 이광순줄 알았잔나비
@user-uj5ix3hb6j,멋쟁이 !!! 뇌brain가  섹시sexy한  남자man ^^ ( a   hot   brained  man )  어   핫     브레인드   맨
@user-RaengDDo,썸넬 유희열인줄
@user-qn6wn6md2y,이광수와 유희열
@user-ld1uc1zd4d,이광순줄알았네
@user-hc1pi6cc7v,이광수인줄;;ㅋㅋㅋㅋㅋ
@Ra_o,썸네일 이광수 인줄
@user-cr2ho7br7i,님들 근디 저정도면 발음 괜찮은데 ..? 잘하는거에요 사람들마다 말투가 다른거처럼 ..나 캐니다 유학생 ;)
@justahni,도입부 싼다
@hungi7647,이광수
@user-ob8ym2nq4v,파비우 실바랑 똑같이 생겼네 ㅋㅋㅋㅋㅋㅋㅋㅋㅋㅋㅋ
@user-ln8ht9ew2p,뭔가 안정환 리즈시절이 보이는구 같다... 나만 그런가;;
@user-pg5ou9iy8j,..흠...
@user-zj3dq5ij7c,머리 기른 유희열인줄 알고 들어왔네
@Goodlife931,코드쿤스트?
@gpro5962,이광수 아니냐
@yasminapark6979,쇠고랑 팔찌 대신 브라운 스트립 시계 ㅎㅎㅎㅎㅎㅎㅎ 와아
@rlatjsdnr,썸넬 광수 화장한거네 ㅌㅋㅋㄹㅋㅌㄹㅌ
@mandoo_light,"썸넬 머리 긴 유희열인줄 ,, ㅋㅋㅋㅋㄱ"
@DeuS_Chuck,코드 쿤스트인줄 알고 들어왔는데 아니였네
@user-lf3py2cx2j,코드쿤스트...
@dlkalk2018,썸넬 1초 이광수
@king__gag,유희열인줄 희열을 느끼하게 느끼고있어보여
@user-kw6jq8gc8e,본인 눈이 삐어서 썸넬 잘못 본걸 무슨 자랑이라고 댓글 줄줄이 다는거 어이없네 안과 가보세요 그정도면 실명 직전 같아요
@user-lr7kn9wl8s,니네 별로인거 안궁금하니까 댓글에 좀 안적으면 안됨?꿀밤 때려주고싶은데
@areet,"아이구 깜짝아 썸넬 힐끗보고 머리 긴 광수인 줄 알앗쏘 ,,"
@user-ju8im7hy2q,"정말 잘부르시는데 ,  뭔가 ... 그 이정섭? 씨가 생각나요 , 챔기름 좋아하시는 그분"
@markone8655,뭐랄까 동작이 화장지운 조커같넹...ㄷㄷ
@user-wt9yy8jt8s,2000년대 초반에 젊게사는 초2 초4아들 둔 40대 이모 머리 아니냐 ?
@user-ki6rk4tp7h,이광수씨 노래도 잘부르시네요
@milkis4202,머리모양보고 안정환인줄
@user-lc4up6tm5p,썸넬 이광수 아님?
@dmssod,썸네일 이광수인줄...
@user-wk6qt8hq3o,썸네일 코쿤인줄
@user-lw5ji3hb4l,약간 색시한 이광수?
@user-xg1qr2yu7g,이게왜 조회수 171만이냐
@user-eq9wu2ej7l,이광수?
@user-up9kh5ds2t,유희열상은 확실히 무언가 뛰어나구나..썸넬 유희열이 노래 부르는건가 들어왔는데..잔나비였네..미안해요..잔나비 팬분들
@Lee-tc4yi,난 썸네일에서 이광수를 보았다.
@user-lc1ue1sh3o,왜 계속 따봉을 날리시는지...
@Hybrid_Tube,썸네일에 있는 이광수보고 들어왓는데 광수가 아니네
@redpeanut419,썸네일 거의 세계관 최강의 어그로네..
@user-dm1xj5vl3k,노래진짜 잘하시네요 편곡은 원곡을따라가진못하는거같습니다만
@user-hv6it6dc4j,썸넬 이광수 + 코드 쿤스트?...
@eadsbamtol,썸네일 이광수인줄 알았네
@b___0,썸넬 이광수+드럼좌 에바자너
@user-vkerzwf3621,썸네일 이광수인줄 알고 뭐지...? 하면서 들어왔넼ㅋㅋㅋㅋㅋㅋㅋㅋㅋㅋㅋㅋㅋㅋㅋㅋㅋㅋㅋㅋㅋㅋㅋㅋㅋㅋㅋ
@user-zw4lg3ud9x,머리스탈도그렇고 왤케 푸욜이...
@MOMO0098,가수로 성공한 남순
@sjsj25,썹넬 이광수인줄
@user-qn7ps4yv4p,과로사씨 내려오세요
@nomihyeon,아니 썸넬 이광수인줄 ㅋㅋㅋㅋ
@user-gd7jc4dv4q,마 가사 안까묵고 완창 한게 어디고? 고마 패라
@nachooo3731,이광순줄 ;;
@user-ge4rd2lr1p,썸네일 코드쿤스트같네
@user-ys8le8cp3n,뭐야 분명 썸네일 이광수였는데
@user-mi7we9dx6q,썸네일 유희열 빼다박았네 ㅋㅋㅋㅋㅋ
@user-lc5xq9ls5j,"아 진짜 죄송한데 썸네일 이광수인줄 알았어요,,,,,,"
@user-cu2nc2gx4i,썸네일 왜 자꾸 광수형같지
@thekorean123,마지막에 배철수 표정 왜저래?
@user-cx2oz8pl6j,난 썸넬 이광순줄 알았는데
@wilburkim8955,잔나비 첨봤는데 슬리피랑 유희열 섞은 얼굴이네요...
@tiredbunny15,I'll let this English comment die here
@user-hk6bh1gz7s,코쿤인지 알고 들어왔는데 잔나비였네?
@user-ro7hn6ym3b,배철수가 따로 낸 음반도 있음?게다가 저 노래는 콜드플레이 원곡인데;
@liberaboit,이광수인줄 들어옴
@user-tc3zq4ms5h,썸네일 1초 이광수..
@user-cu2sk2lc1f,썸네일 기가막히게 뽑혔네ㅋㅋㅋㅋㅋㅋㅋㅋㅋㅋㅋㅋㅋㅋㅋㅋㅋㅋ
@user-sq6xz9bo3x,썸네일에 왠 유희열씨가;;
@E_eeeeeee,가발쓴 유희열아님??
@user-tj4vt3qi4i,썸네일 억울한 이광수인줄;;
@user-kh2zh7jo8u,썸네일 이광수
@user-zh8gc3ft3n,ㅁ면도한 과로사인줄
@jiminwibowo1113,Kwang soo?
@user-ly4kf3cy2f,썸넬코쿤20년뒤 아니냐
@sexy._.hyuk07,썸네일 이광수인줄 알았네ㅋㅋㅋㅋㅋㅋㅋ
@ttyuye,코드쿤스트
@homerunball1128,형 술한잔 하셨소?
@beesqee,평행세계의 황제 안정환은 가수였다
@user-ho7ev9pf9g,썸넬 노래하는 이광순줄..
@sky_hodu,썸넬 코드쿤스트..?
@eazypeazylemonsqueezy5502,Yow Code Kunst!! You grew your hair. Yummy.hehehe.
@user-sl7on1kx7t,역시 펌인가....
@coco-sk3oz,썸넬 보고 이광수인줄알고 들어옴
@MipMip1343,He trying so hard lol
@Ou_Animator,이광수인줄 알았다
@user-bo9zu5bj4l,썸넬 유희열 머리길렀네 하고 들어왓는디 잔나비였네
@user-co8gx5jj3q,어디서 본것 같은데 쇼미에서 프듀로 나오셨군요
@user-mj8qe8tr8e,썸네일보고 이광수인줄
@smlee9705,이광수?
@user-yz4hx5li9c,코드쿤스트 노래도 잘부르넹...ㄷㄷ
@TheHerons2020,썸네일 유희열의 스케치북에서 유희열이 노래 부르는 줄..
@musiq3703,썸네일 이광순줄
@user-kn5sr3pn2d,나만 썸네일 이광수인줄 알았어...?
@user-tn9rq5hp6y,"광수와 유희열을 절묘하게 닮은 썸넬 얼굴에 들어와볼수밖에 없었읍니다,,"
@poi433,썸네일 이광수인줄 알았네
@user-fk1ju6ov7o,죄송합니다. 썸네일 이광수인줄 알고 들어왔습니다
@2_child_see,썸넬 이광수가 가수로 전직한줄;;;
@user-il4sz5im5b,썸네일 이광수인줄
@usermisang,썸네일 코드쿤스트인줄
@user-bh9qi6gs9v,썸네일 나만 유희열 닮았다고 생각함?
@ll-dj6fm,나만 썸넬 이광수인줄 알았냐...     엄청큰 모기가 나의 발을 물었어
@user-tl7ju3cn4n,썸네일 코쿤
@user-jd4oc9eg3g,왠지모르게 이광수가 화장한 모습같네
@user-nc1um9nv7r,나만 그런가 썸네일 코드콘스트랑 너무 닮았는디. .
@user-ts5to9os2h,관객이 수백명이었을텐데 외국인 3명 있으니깐 외국인 리액션만 집중적으로 잡아주는 사대주의 클라스 ㅋㅋ
@user-ys9ks2lg7h,썸네일 보고 이광수인줄
@user-uw4qm9eo8l,광수형?
@user-gx2pw2dn8r,썸네일 이광수인줄
@user-xw4jp6rb8t,이광수 닮았다
@user-nf5gv8ip5q,이광수가 부른줄 알았다;;
@user-hv6yi2mw6k,썸네일 왜 유희열이 잔나비 머리하고 있지 했는데 잔나비였네... 미안해요
@user-sd7uk3ht9c,게슴츠레한 눈의 노래하는 이광수씨
@jaleuban84se,이광수 너무 닮았다는걸 나만 느끼는 건가?
@user-gi7vq8mf4d,이광수가 잔나비노래부르는줄
@user-yn3fu5kz4m,썸네일 이광수인줄
@Ronkstor,썸네일 이광순줄
@user-xq6dq6iy3m,썸네일 보고 잠깐 이광수인줄 알았다
@user-pl6tj2cx2z,정말 잘 하는데... 발음만 좀더 좋았으면 해외에서도 레전드로 남았을듯... 그래도 역대급...
@moonpe6660,이광수가 왜 노래하지 싶었네 순간 ㅋㅋ
@jhg5590,코쿤이랑 왜 이렇게 닮음???
@user-dh7pd2em5t,노래 좀 듣지 한국사람들 외모평가 진짜 해도 해도 넘한다. 뭘 자꾸 누구 닮았대?
@user-gk8hm7lf3y,썸네일 코드쿤스트가 가발쓴줄
@user-nw3qo3yr1c,썸넬 아무리봐도 이광수같다
@ML-wj6dg,썸네일 뭔 이광수가있네
@user-ic2zf5qk5i,썸네일 보고 이광수가 부르는줄
@user-bd7wk7yv1s,썸네일 코쿤 + 유희열
@user-sv9zg1md2v,왜 코드쿤스트닮은거같지
@user-df7ld6ic1k,썸넬 느끼한 이광수 같아요
@user-mt8hh1nt9p,물질하자 노젖자  돈버는방법을 아는그대
@user-nv8ho7vc1z,썸낼 코드쿤스트인줄 알고 들어왓는디  잔나비네...
@giseul4924,드럼좌인줄 알고온 사람 몇명있을거같은데
@yucari20,썸네안 이광수인줄알고 들어옴
@user-us6wz6ii4t,감성적인 이광수같아...
@user-lq8lj5lb6r,아니 ㅋㅋㅋ썸네일 타락한 라따뚜이 주인공같애 ㅋㅋㅋㅋㅋㅋㅋㅋㅋ
@davidchoi7652,이광수인줄.....
@kpark803,노래 조지구 있네
@Lee_Ha_neul,순간 승리가 보여서 흠칫 햇네
@user-rk3eq9jk1u,썸넬 이광수랑 코드 쿤스트 합친것 같아 ㅋㅋㅋ
@user-jy8ty1bc6v,죄송합니다. 썸네일 유희열스케치북에서 유희열이 노래부르는줄 알았습니다...
@phj9345,이광수 안정환 합쳐논건가..
@emilyyou8488,오늘 저녁반친 뭐냐
@wdewceo3383,"역시 이것도 별로 ... viva la vida의 핵심은 역시 배경으로 들리는 드럼의 박자감이라 생각한다.  좀더 경쾌해야 하고, 가사를 생각한다면 나는 왕이다라는 생각과 그 왕에 호응하는 군중의 노래라는 느낌이 잘 안듬. 감미롭기는 하지만 별로 ..."
@user-nr8wh9gl6c,엥 저 보컬 분 티모시 샬라메 코스프레한 아담드라이버 닮음
@user-jt4fj1it3t,다른노래를만들어놨노 십 ㅋㅋㅋㅋ
@user-yx7mn8um9t,미안 들어오면서 어? 이광수가 이런 무대도 했었나 했어...ㅋㅋㅋㅋㅋㅋ
@Icon_Ruud_Gullit_The_Moment,코드쿤스트 머리 기른줄 알고 들어왔네.
@user-iq3bx7rs3t,머리 긴 코드쿤스트인줄....
@kimjaeho.5310,광수인줄
@user-bi1lw4qk9k,나만  썸넬 코드쿤스트 인줄 알고 들어왔냐
@user-kh9wi5rm1o,순간 이광수인줄 ㅋㅋ
@user-ge5pt4be8p,코드쿤스트 노래 잘부르는줄 몰랐네;;
@user-tu5hi9vj2p,밴드 자체는 문제가 없는데 전멤버가 똥싸고 치워도 자국남은 느낌임 탈퇴해도 밴드가 욕을 먹네ㅋㅋ
@user-ru8ec7sx2f,썸네일 머리기른 유희열인줄 알고 들어왔습니다
@lovelindsey7120,썸넬 코쿤 머리 길렀네
@yoonsangyee,윤쭈꾼줄;;;;
@user-cw1ye5fp3n,제발 좀 썸네일 누구 닮았단 얘기 좀 그만하고 노래 들음 안돼요? 진짜 짜증나고 지겨워요. 외모 지상주의인가요? 저렇게 열성적으로 노래하는데 어째 노래에 대한 얘기보다 누구 닮았단 얘기가 훨씬 더 많아요?
@user-xh3mw1yc9b,썸네일 뭔일이야 광수오빤줄 알았잖아
@user-ku8go2pd1n,썸네일 좀비나 늑대인간 아니 뭐 꼭 그런게 아니더라도 물리면 전염되는 거 있자나요 그런거에 감염된 유희열씨 같아요
@CharmingBean,누구 닮았나했더니 스타워즈 악역 닮았구나
@blueberry5168,이광수아냐?
@hanmoonchur_tv,왜 난 썸네일을 광수로봤을까
@robertlee3611,안정환이 형이 노래 하는줄
@user-yq5tu1yx5d,안정환 하위호환인강
@user-it2hv8kn5f,성형한 이광수인줄
@user-kt9kw9uk9m,광수인줄
@user-ci6ix6en5d,이..광수..?
@chickenstock2869,뭔가 잡혀서 부른거같은데
@echu.h,이광수인줄;;
@user-ko9ov9ic5q,성숙해진 이광수?
@user-ts1sb6ed6g,썸네일 이광수같잖어 ㅋㄹㅋㄹㅋ
@tv-vb2nx,구리노 이기야 ㅡㅡ^
@user-sx3qy7ry5p,썸넬 이광순줄
@user-xc6py1qq2h,눈이 왜이렇게 마약한 사람처럼 풀려있냐  기분탓인가
@user-rz3jl6nq3f,썸네일보고 늙은 이광수님인줄알고 들어온 내가 ㄹㅈㄷ
@user-rd3cg7hq4y,ㅈㄴ 노래가 느끼하네
@kel5743,썸넬 보고 이광수인줄
@user-ee8by7qh1t,똥싸다가 리듬타서 못나가고 있잖아;;;
@user-sq2yn9vi4q,썸네일 순간 이광수인 줄 알았습니다.
@user-ii9tl5ll2g,엥난 유희열인줄들어왔는데 잔나비야ㅋㅋ
@user-cz8uc9eb3c,썸네일 니갸르 닮앗어
@user-qi1mn5wq5j,이광수 소리 뇌절 좀 그만해라ㅋㅋㅋㅋㅋㅋ최근순 들어가면 그거밖에 없네 미안한데 재미 하나도 없음
@nandemochanto,썸네일 광수인줄
@user-ji5np9ck6u,아 썸네일보고 이광수가 불명에 나올정도로 노래를 잘 했나? 해서 호다닥 들어왔는데 아니었네...
@user-wb4pr2jh6z,왜 잔나비 얼굴에서 코쿤이 보이지
@check_mate_,발음 보다는 곡 해석이 조금 부족한거 같습니다... 곡 자체가 한때 세상을 지배했었던 왕이 아! 비참하도다! 하면서 신세 한탄을 하는거라 감미롭게 부르는게 아니라 파워풀하게 부르는건데...
@user-bp3ev7zb6d,썸넬 코쿤인줄;;
@user-ty7ew8qx1v,언어때문인가.. 약하다
@user-ly1tu1mg3j,아끼는팬티였는데.. 아쉽네
@hhs7389,썸넬 이광수하고 유희열 합친것같아 ㅋㅋㅋ
@user-dk2fs3ch7r,죄송해요. 썸네일보고 이광수씨인줄 알았읍니다.
@user-fe4xp9ik4b,썸네일 이광수 닮음
@jayclen6633,썸넬 이광수인줄
@user-ep4op1cd7c,너무 오버함 담백하면서 웅장한 원곡에 한표.
@user-gd7jc4dv4q,썸넬은 빠마한 유희열 같기도 하고 영상엔 빠마한 람보 같기도 하고
@user-ym5ne1bk5j,어이쿠 썸넬 유희열인줄알고 머리길렸나했네
@Gungye_Maguny,썸넬 이광수인줄
@qkrtpals5034,친구 잘못둬서 더 성공못한 가수... 안타깝다..
@hanmoonchur_tv,난 왜 썸내일보고 광수님이라고 생각했을까
@user-ql8pb8ui9m,뜬금없는데 썹네일 이광수 닮음
@sobangcha_not_stop_boy,썸네일 이광순줄
@user-xz3rg8vy1k,이광순줄
@user-sp2ze2eq9q,썸네일 늙은 이광순줄
@dtd9047,노래잘하는 이광수
@user-cm2ph8sp3l,썸넬 이광수인줄
@user-tt3kp5ee6p,원곡이랑 다른느낌인데 난 원곡이 더나은듯
@user-ds5yv2fy2l,썸네일 이광수 닮음
@user-xx4lg9iz3s,썸네일 늙은 이광수인줄
@sonmr9313,나는 잘모르겠음... 이런노래 스타일 안좋아해서 그런듯
@na_nen_ya_gonglyong,썸네일 일그러진 이광수
@user-pv9xi4ge2d,오늘밤 다시 울려퍼지길  이재명대통령
@Peter-xj9vd,유희열아잉교
@user-hn9co2dp8i,썸넬 머리볶은 유희열인 줄
@user-qz8lf9ft5e,썸네일보고 유희열인줄 알고 들어왔는데 아니넴...
@arixlavenda,반주가 좀 별로당.. 비바 라 비다의 특유의 빰 빰 빰 빠밤 하는 신나는 반주가 젤 좋은데..
@dabisee,썸네일 보고 이광수 노래하는 줄
@user-hk5ji3vm8h,때려죽여도 원곡은 이기기힘들다 원곡보다 좋았던적은 제프버클리밖에 본적이없다 잔나비도 잘부르긴했지만 본인들노래를 부를때가 난 더 좋은듯
@user-rl2kx5kd5x,초면에 죄송한데 2초이광수인줄
@HandsomeYeop,광수인줄알고 들어왔습니다
@eujin58,썸네일 왜이렇게 이광수같냐 ㅋㅋㅋㅋ
@23qaws19,이광수가 아니였네
@user-pc4sv2mr8k,나만 이광수 닮으신 것 같으심?
@AnthoyShin,썸네일에서 이광수보이는거 나뿐이냐
@kgh9148,느끼한 유희열인줄.....
@user-vj4nu1zy8p,썸네일 이광수인줄;;     죄송합니다
@Jessie_lee_,곡에 보컬이 안어울리는 것 같다. 그렇게 눈감고 감미롭게 부를 게 아닌 거 같은데ㅜ 특히 도입 진짜 별로ㅠㅠ .. 드럼은 좋네요
@user-ct3xw1vx8f,썸네일 유희열이에요?
@user-yw5jh1hk9y,썸넬 왤케 상태들이 삥 뜯을때 그것만은 안돼요!! 하는가 같냐ㅋㅋ
@johnosullivan-nq2wd,영어발음 빼고 그럭저럭 잘했네
@lenkim751,이광수 + 유희열
@user-bs7xq4mg2z,음이 똑같아야
@user-danaka,다좋은데 노래를 좀 더 잘했으면 좋겠네 쪼까 답답허다잉
@sogla1411,죄송합니다 순간 광수형인줄알고 들어왔습니다
@promas7985,썸네일 이광수인줄알았내
@user-wc9wg9zt7k,썸네일 보고 이선균인줄;;
@user-vw4mi5vm3y,썸넬 이광수냐
@ISO_VAL,피곤해서 다크써클내려간 이광수같다
@_sound_sea7987,광수옹
@rtari1162,광희노래잘하네
@Wheueiororldfb,영어가 안되니깐 겁나 천천히 부르네 ㅋㅋㅋㅋ
@GTsuji,He’s missing the energy of the original.  Too sterile for me.
@user-yk6tq2fn1e,3:44 겨털
@user-yh1op8dc1c,썸네일 이광수인줄;;
@erlm929,결론 학폭가해자
@nogram_24,학나비 ?
@Hyeoni77,썸넬 이광수인줄
@user-cz9he1ku3s,섬네일 너무 풍성한 유희열이고...
@JJ-jk7ox,선곡과 편곡이별로당...
@user-pt2nz4bm2f,썸네일 윤쭈꾸인줄보고 바로 옴.
@wandererskyblue,미안한데 썸네일보고 이광수인즌
@fun2tale,티모시 하급 버전 같다
@user-wt4qe1yk3v,썸네일 이광수가 재석이형! 하고 부르는거같네
@user-po4mp6ro7k,보컬 첨에 이광수님인줄 알았네..
@user-ps1ex5yb1t,좀빨리부르지ㅡㅡ
@ssskaidb2937,윤쭈꾸인줄.....
@uvt5350,족구린데 이게좋다고?
@user-wf9ez6pd9b,진지하게 나만 별로 ...??....
@user-eo1op5gg2r,솔직히 안어울려
@hyangjinchu9388,잔나비는 자기 노래 말곤 진짜 못부르네
@highwayman7049,원곡이 더 나은듯
@user-nm6lw4mf5k,J.fla 미만 잡....
@qtrain3234,영국이니까 가능한 가사야 ㅋㅋㅋㅋ 감정 이입하지 말아라 ㅋㅋㅋㅋㅋ
@user-gc8yy9yc1n,ㅈ구림
@user-rh3qf1rn6w,이광수 생각보다 잘부르네
@user-me9zs6ob5b,섬네일 느끼한 이광수 같노 ㅋㅋㅋ
@devinlee4989,가난 코스프레남?
@user-it8ky7ps2h,영어 발음이 자연스럽지 않아서 별로네요
@user-bs7xq4mg2z,창작을 하세요. 모방을 하지말고
@user-td2rt4ds4l,노래를 느리게 편곡해서 그런가 노잼이네
@ldh8514,발음 왜저럼
@Kiyomairjgis,학교폭력 가해자들 왔능가  같은 학교 나왔지만 쟤만 한거고 나는 안했당께!!!!
@user-pr2xt1sj5n,노래는 분명 좋지만 그가 무슨짓을 했는지 알면 별로 좋진 않은것 같다..
@user-uu3pp1hu7m,원곡으로 불렀음 어땟을까 편곡은 좀 ㅂㄹ인듯
@user-ic4vp6sw1k,나만 이상한가... 내가 들은 가장 이상한 비바라비다
@user-rc1je8ix5i,별루다ㅡㅡ
@user-tn6oj8ey4f,콜드플레이 감은 못따라오는구나
@user-te3sp4tx6o,김학위
@user-zc1nj7sv8n,음이 다 똑같냐 ㅋㅋ 명곡망치노
@smithgeorge6858,대부분 노래 잘부르는 가수는 발음도 좋던데 발음이랑 편곡이 너무 구리네
@user-tb1rf8ib6y,별로
@user-hw8oh7yx4u,잔나비와 콜플 안어울림. B급 감성으로 잘했다고 쳐줄만한 정도
@bj4309,응 학폭
@user-ey4kt3qx4m,이노래를 이렇게 망치네..
@Hodal-0523,학교폭력 잔나비
@gorgo13,명곡 망치지마라
@qtrain3234,"이 노래를 소화하기엔 역량이 너무 부족하다 가창력, 연주력 모든면에서 이노래는 정말 쉽게 건드리면 안되는게 맞지 않을까"
@user-xy9sm4wq1v,진짜 별론데
@user-ir3gp4ek4n,명곡 망치지 마세요 ㅠㅠ 마이크 내려놓으세요
@user-vy5mh3zl4f,나만 듣기 거북한가. 못봐주겠다.의상도 꽝
